settlement_id,batch_id,line_type,payment_id,refund_id,gross,fee,tax,net,settled_event_date
SET_012442EEAD1E,BAT_19ED03A65407,payment,PAY_4BA81ADB8DEA,,11692.36,0.00,0.00,11692.36,2026-09-08
SET_017BE9F597EB,BAT_38FD4BE54614,payment,PAY_F1C8FF58F372,,9670.11,174.06,31.33,9464.72,2026-09-08
SET_01DBFACF3E3B,BAT_38FD4BE54614,payment,PAY_FD65696C41EE,,40251.57,724.53,130.42,39396.62,2026-09-08
SET_02F6AB91EBF6,BAT_1CE6311F0D6E,payment,PAY_69BF0AA35C28,,5049.75,0.00,0.00,5049.75,2026-09-08
SET_03244D5E26FA,BAT_38FD4BE54614,payment,PAY_B8BD7DC05B3F,,34905.99,628.31,113.10,34164.58,2026-09-08
SET_03483F2F381C,BAT_19ED03A65407,payment,PAY_84C8F3A02BD2,,8897.09,177.94,32.03, 8687.12 ,2026-09-08
SET_0507DAAB42BF,BAT_19ED03A65407,payment,PAY_23387D92C739,,12788.07,268.55,48.34,12471.18,2026-09-08
SET_051B67CA5CD5,BAT_1CE6311F0D6E,payment,PAY_5F6C52301F90,,5348.45,0.00,0.00,5348.45,2026-09-08
SET_0534BF4CC208,BAT_19ED03A65407,payment,PAY_1C73627232CF,,8275.77,144.83,26.07,8104.87,2026-09-08
SET_05AF8D4388C4,BAT_38FD4BE54614,payment,PAY_D4796F343F9B,,50019.25,0.00,0.00,50019.25,2026-09-08
SET_064403795020,BAT_1CE6311F0D6E,refund,PAY_31321DE63F04,RFD_425DB3B5A33E,0.00,0.00,0.00, -5011.11 ,2026-09-08
SET_064E805FA385,BAT_38FD4BE54614,payment,PAY_7DB2ACD5BA44,,44028.58,0.00,0.00,44028.58,2026-09-08
SET_069D09CDBC76,BAT_1CE6311F0D6E,payment,PAY_CCB442208B45,,2549.27,0.00,0.00,2549.27,2026-09-08
SET_06BF7AF84558,BAT_19ED03A65407,payment,PAY_3092054D91C0,,21782.43,435.65,78.42,21268.36,2026-09-08
SET_06D34B097AFF,BAT_19ED03A65407,payment,PAY_31ADAC3C4898,,8193.55,163.87,29.50,8000.18,2026-09-08
SET_06EC476A0675,BAT_38FD4BE54614,payment,PAY_6E3BE8C51EAF,,35476.88,691.80,124.52,34660.56,2026-09-08
SET_06F29882C8BB,BAT_38FD4BE54614,payment,PAY_B04C23E334A4,,3482.84,55.73,10.03, 3417.08 ,2026-09-08
SET_0709952E2625,BAT_38FD4BE54614,payment,PAY_12FF4CE4C89A,,43622.53,785.21,141.34,42695.98,2026-09-08
SET_07586AA567D5,BAT_19ED03A65407,payment,PAY_FACA9B8A6B7A,,14388.29,0.00,0.00,14388.29,2026-09-08
SET_079EF00B61E3,BAT_19ED03A65407,payment,PAY_8CF65EFEDB3D,,11115.29,222.31,40.02,10852.96,2026-09-08
SET_07A9FFB2CA4A,BAT_19ED03A65407,payment,PAY_3AB486B6B56A,,11551.26,231.03,41.59,11278.64,2026-09-08
SET_07CC6CCF6811,BAT_19ED03A65407,payment,PAY_EE3CFF1F35F1,,629.13,12.58,2.26,614.29,2026-09-08
SET_07EBE46CF193,BAT_1CE6311F0D6E,payment,PAY_3DD90250C336,,2947.89,0.00,0.00,2947.89,2026-09-08
SET_07F5741DDAF9,BAT_1CE6311F0D6E,payment,PAY_38A61F2E5B02,,2848.70,54.13,9.74,2784.83,2026-09-08
SET_0829A4D944EB,BAT_38FD4BE54614,payment,PAY_49C37D62A272,,51842.78,933.17,167.97,50741.64,2026-09-08
SET_0869BDCA0407,BAT_38FD4BE54614,payment,PAY_1BFF96B6F85D,,31977.47,511.64,92.10,31373.73,2026-09-08
SET_0900992B527A,BAT_38FD4BE54614,payment,PAY_BFD2BC201976,,58916.27,0.00,0.00,58916.27,2026-09-08
SET_092ED045C696,BAT_38FD4BE54614,refund,PAY_DF27446D9818,RFD_9CBAE196E147,0.00,0.00,0.00,-3547.31,2026-09-08
SET_0936D3549217,BAT_1CE6311F0D6E,payment,PAY_04C71CD71116,,6712.88,0.00,0.00, 6712.88 ,2026-09-08
SET_09A4CAB589C8,BAT_1CE6311F0D6E,payment,PAY_4C77FEFF278B,,6597.75,125.36,22.56,6449.83,2026-09-08
SET_0A30BFE021CE,BAT_19ED03A65407,payment,PAY_13CF69A45997,,19667.96,0.00,0.00,19667.96,2026-09-08
SET_0A5390FFF5EA,BAT_1CE6311F0D6E,payment,PAY_CF613AD1037D,,6274.66,147.45,26.54, 6100.67 ,2026-09-08
SET_0ACC2F63183F,BAT_19ED03A65407,payment,PAY_B2D6A40DBE12,,20505.43,410.11,73.82,20021.50,2026-09-08
SET_0AE3150A3891,BAT_19ED03A65407,payment,PAY_AEC843EDCECF,,5548.70,110.97,19.97,5417.76,2026-09-08
SET_0B3F3DB70303,BAT_19ED03A65407,payment,PAY_E3AF4396C896,,5402.09,108.04,19.45,5274.60,2026-09-08
SET_0B66C4A7BD12,BAT_38FD4BE54614,payment,PAY_290C8C30BB4B,,18253.71,328.57,59.14,17866.00,2026-09-08
SET_0B9072A3C100,BAT_19ED03A65407,payment,PAY_4402157DA6A2,,11162.80,195.35,35.16,10932.29,2026-09-08
SET_0BB02E78F78C,BAT_1CE6311F0D6E,payment,PAY_DEEB2DED7EA9,,880.29,20.69,3.72,855.88,2026-09-08
SET_0BEDCC7CE25C,BAT_1CE6311F0D6E,payment,PAY_A2615EC76E59,,1907.25,36.24,6.52,1864.49,2026-09-08
SET_0C101DDBBC1D,BAT_19ED03A65407,payment,PAY_303C26157069,,13375.57,267.51,48.15,13059.91,2026-09-08
SET_0C3DC5C06DD3,BAT_1CE6311F0D6E,payment,PAY_268A64807C36,,5542.08,0.00,0.00,5542.08,2026-09-08
SET_0C535128DB8E,BAT_1CE6311F0D6E,payment,PAY_EA4407FE57A4,,6946.46,0.00,0.00,6946.46,2026-09-08
SET_0C6CEB4053B7,BAT_38FD4BE54614,payment,PAY_5B0E4A4069EE,,5928.30,106.71,19.21,5802.38,2026-09-08
SET_0C9F9C7505B8,BAT_19ED03A65407,payment,PAY_F4F4069B0CE2,,2265.09,0.00,0.00,2265.09,2026-09-08
SET_0CA8C6213763,BAT_19ED03A65407,payment,PAY_95B2B4161DB4,,10056.74,175.99,31.68,9849.07,2026-09-08
SET_0CC462C74FB1,BAT_38FD4BE54614,payment,PAY_395BF889819E,,15297.61,275.36,49.56,14972.69,2026-09-08
SET_0D43B085B9D9,BAT_19ED03A65407,payment,PAY_B62CCF2EC183,,11189.55,0.00,0.00,11189.55,2026-09-08
SET_0D8C140955AF,BAT_19ED03A65407,payment,PAY_179369D0BE1D,,14264.94,0.00,0.00,14264.94,2026-09-08
SET_0D9E20D44D03,BAT_19ED03A65407,payment,PAY_E6771C01A37B,,18291.45,0.00,0.00,18291.45,2026-09-08
SET_0DB3D2773ABD,BAT_19ED03A65407,payment,PAY_BEA1C57583E2,,15002.66,300.05,54.01,14648.60,2026-09-08
SET_0E0566D5E7C0,BAT_19ED03A65407,payment,PAY_035910F3163D,,22523.85,0.00,0.00,"22,523.85",2026-09-08
SET_0E20C2DF24A0,BAT_38FD4BE54614,payment,PAY_7F315AC4CC1B,,25399.36,0.00,0.00,25399.36,2026-09-08
SET_0E5DB43AE4B9,BAT_19ED03A65407,payment,PAY_78447F83708E,,24608.41,0.00,0.00,24608.41,2026-09-08
SET_0E78FAA5640E,BAT_38FD4BE54614,payment,PAY_51FEEC232470,,22256.01,433.99,78.12,21743.90,2026-09-08
SET_0E7C89B16895,BAT_1CE6311F0D6E,payment,PAY_09C53F5F4DB3,,646.09,15.18,2.73,628.18,2026-09-08
SET_0E84E8A7E4EA,BAT_38FD4BE54614,payment,PAY_19D0523B8A6D,,48167.89,867.02,156.06,47144.81,2026-09-08
SET_0E87E29C6BAD,BAT_38FD4BE54614,payment,PAY_6BD9620EA376,,28203.81,0.00,0.00,28203.81,2026-09-08
SET_0E89C1313EE7,BAT_1CE6311F0D6E,payment,PAY_C68120B95B42,,806.63,0.00,0.00,806.63,2026-09-08
SET_0EB8A81FFD8C,BAT_19ED03A65407,payment,PAY_12E8E41E4CE9,,20705.55,0.00,0.00,20705.55,2026-09-08
SET_0F663A5A3282,BAT_19ED03A65407,payment,PAY_50520265DFD8,,7770.20,163.17,29.37,7577.66,2026-09-08
SET_0F76D1516760,BAT_19ED03A65407,payment,PAY_0B1FB630A97C,,11221.41,224.43,40.40,10956.58,2026-09-08
SET_0FF46809BD06,BAT_38FD4BE54614,payment,PAY_567C77CAE4C0,,35428.30,566.85,102.03,34759.42,2026-09-08
SET_1041E253680C,BAT_19ED03A65407,payment,PAY_D79E4F0DE26D,,8932.00,178.64,32.16,8721.20,2026-09-08
SET_106F890B90BA,BAT_38FD4BE54614,payment,PAY_3E2EA0A49636,,45453.33,818.16,147.27,44487.90,2026-09-08
SET_108C923F4B26,BAT_38FD4BE54614,refund,PAY_0D9EC4206FDD,RFD_1C8DBE558C8A,0.00,0.00,0.00,-10859.74,2026-09-08
SET_10AC60792A63,BAT_38FD4BE54614,payment,PAY_7497A5C00D9D,,47665.40,0.00,0.00,47665.40,2026-09-08
SET_1107A3EAF3A4,BAT_19ED03A65407,payment,PAY_7F069AAE8944,,20370.94,0.00,0.00,20370.94,2026-09-08
SET_11B8B2ED7908,BAT_1CE6311F0D6E,payment,PAY_D6210A0DF919,,3669.74,86.24,15.52,3567.98,2026-09-08
SET_11EF8C97A909,BAT_38FD4BE54614,payment,PAY_BEC72255E35A,,41948.15,671.17,120.81,41156.17,2026-09-08
SET_11F13FC6C739,BAT_19ED03A65407,payment,PAY_A1C87A4F2D01,,7376.23,0.00,0.00,7376.23,2026-09-08
SET_11F213640273,BAT_19ED03A65407,payment,PAY_90B1774AD4B9,,3591.80,71.84,12.93,"3,507.03",2026-09-08
SET_12188026016F,BAT_1CE6311F0D6E,payment,PAY_B8CADF9BFAC0,,417.03,0.00,0.00,417.03,2026-09-08
SET_1226E5A0C222,BAT_1CE6311F0D6E,payment,PAY_EC79EDB50B87,,6241.98,0.00,0.00,6241.98,2026-09-08
SET_12674CB2ECFD,BAT_1CE6311F0D6E,payment,PAY_D2FF551854B5,,1052.50,0.00,0.00,1052.50,2026-09-08
SET_12B3180E3BD5,BAT_38FD4BE54614,refund,PAY_9F912D158B82,RFD_98E2FA34B84B,0.00,0.00,0.00,-27857.49,2026-09-08
SET_12D6F59A74A7,BAT_1CE6311F0D6E,payment,PAY_0B0233DCC18E,,7675.63,0.00,0.00,7675.63,2026-09-08
SET_13475BEE318D,BAT_38FD4BE54614,payment,PAY_9CD5530BB9DE,,52582.75,946.49,170.37,51465.89,2026-09-08
SET_134A37816970,BAT_1CE6311F0D6E,payment,PAY_4083922E8C58,,5216.72,0.00,0.00,5216.72,2026-09-08
SET_13717EF5708D,BAT_38FD4BE54614,payment,PAY_7E3A67A55750,,25590.47,499.01,89.82,25001.64,2026-09-08
SET_137A805290EA,BAT_19ED03A65407,payment,PAY_6114BC48C5A9,,5556.49,0.00,0.00,5556.49,2026-09-08
SET_138AECAFAA88,BAT_38FD4BE54614,payment,PAY_4FDA19D3F6AB,,24925.89,448.67,80.76,24396.46,2026-09-08
SET_1391B22F40FF,BAT_1CE6311F0D6E,payment,PAY_A5234CB8854C,,3755.33,0.00,0.00,3755.33,2026-09-08
SET_13EA742D04FA,BAT_38FD4BE54614,payment,PAY_9E32C9F6209B,,32125.91,0.00,0.00,32125.91,2026-09-08
SET_13F164B8E560,BAT_19ED03A65407,payment,PAY_2B42441AA2F5,,10945.67,218.91,39.40,10687.36,2026-09-08
SET_148DC5E1BC1E,BAT_1CE6311F0D6E,payment,PAY_528677AFEBC0,,6312.04,126.24,22.72,6163.08,2026-09-08
SET_151D1178A983,BAT_38FD4BE54614,payment,PAY_7D122D61D991,,9474.24,170.54,30.70,9273.00,2026-09-08
SET_155E2377A447,BAT_38FD4BE54614,payment,PAY_6D90A1ECBE42,,51433.43,925.80,166.64,50340.99,2026-09-08
SET_1574C106A545,BAT_19ED03A65407,payment,PAY_AF0DA33796B0,,18758.14,375.16,67.53,18315.45,2026-09-08
SET_15980D3BD085,BAT_38FD4BE54614,refund,PAY_6310CFB60E27,RFD_AEF21DCE7870,0.00,0.00,0.00,-27351.12,2026-09-08
SET_159F4B818F2B,BAT_38FD4BE54614,payment,PAY_E32E9E32A071,,31806.47,572.52,103.05,31130.90,2026-09-08
SET_15A40EADB8FE,BAT_38FD4BE54614,payment,PAY_523A0CF110E9,,54727.59,0.00,0.00,54727.59,2026-09-08
SET_15C572837134,BAT_38FD4BE54614,payment,PAY_0C5685343536,,46666.35,839.99,151.20,45675.16,2026-09-08
SET_162016223089,BAT_1CE6311F0D6E,payment,PAY_7322B6E02C54,,6563.99,0.00,0.00,6563.99,2026-09-08
SET_164093F78702,BAT_1CE6311F0D6E,payment,PAY_A6F5296E98F1,,5245.83,99.67,17.94,5128.22,2026-09-08
SET_16A67B403AF2,BAT_19ED03A65407,payment,PAY_5B4C1F8CF8E9,,22495.06,472.40,85.03,21937.63,2026-09-08
SET_1701F7C7D1AB,BAT_19ED03A65407,payment,PAY_99D24489E83D,,20832.24,0.00,0.00,20832.24,2026-09-08
SET_1799014A1FE5,BAT_38FD4BE54614,payment,PAY_3718A35CAD0F,,2993.38,53.88,9.70,2929.80,2026-09-08
SET_17EF2612A785,BAT_38FD4BE54614,refund,PAY_9E10994DA425,RFD_A65DD8F2F469,0.00,0.00,0.00,-50645.83,2026-09-08
SET_17EF2F81EA59,BAT_38FD4BE54614,payment,PAY_192AC260B669,,16103.34,0.00,0.00,16103.34,2026-09-08
SET_180BF7B0FE66,BAT_19ED03A65407,payment,PAY_43A4C7511B70,,2195.39,0.00,0.00,2195.39,2026-09-08
SET_185C2E9AA16E,BAT_1CE6311F0D6E,payment,PAY_8693EC591B2E,,1308.05,0.00,0.00,1308.05,2026-09-08
SET_18763380FF97,BAT_1CE6311F0D6E,payment,PAY_13E04B52CDBE,,1885.68,0.00,0.00,1885.68,2026-09-08
SET_18769766BBD0,BAT_19ED03A65407,payment,PAY_351FBB519410,,8924.24,0.00,0.00,8924.24,2026-09-08
SET_187B6AD418DE,BAT_19ED03A65407,payment,PAY_687485FD1D6B,,16014.36,0.00,0.00,16014.36,2026-09-08
SET_18A67FABA977,BAT_1CE6311F0D6E,refund,PAY_091DCC914D2A,RFD_4356C74347B0,0.00,0.00,0.00,-4178.43,2026-09-08
SET_18B514122D40,BAT_38FD4BE54614,payment,PAY_2DA9C9CF864E,,38704.43,696.68,125.40,37882.35,2026-09-08
SET_18BFA505BB88,BAT_38FD4BE54614,payment,PAY_9DEE6731735C,,9764.53,156.23,28.12,9580.18,2026-09-08
SET_18CA10A207B5,BAT_19ED03A65407,payment,PAY_F84992734633,,1107.61,0.00,0.00,"1,107.61",2026-09-08
SET_190E31C6083C,BAT_1CE6311F0D6E,payment,PAY_522F6D36C269,,5570.73,130.91,23.56,5416.26,2026-09-08
SET_1952586846E5,BAT_1CE6311F0D6E,payment,PAY_98CE908529D0,,5102.42,96.95,17.45,4988.02,2026-09-08
SET_195E490C8DBC,BAT_19ED03A65407,payment,PAY_07ABF6AFEA9C,,18207.46,0.00,0.00,18207.46,2026-09-08
SET_198EAB648F56,BAT_38FD4BE54614,payment,PAY_FD03AD08397A,,35155.57,562.49,101.25,34491.83,2026-09-08
SET_19B011D96E3F,BAT_1CE6311F0D6E,payment,PAY_5150CE5D7FF7,,7949.33,186.81,33.63,7728.89,2026-09-08
SET_19BC10D7E442,BAT_38FD4BE54614,payment,PAY_9F65FA225D4E,,50954.57,917.18,165.09,49872.30,2026-09-08
SET_1A51B0EF3AF5,BAT_38FD4BE54614,payment,PAY_E335B386B50C,,36126.77,578.03,104.05,35444.69,2026-09-08
SET_1A66F6357A77,BAT_19ED03A65407,payment,PAY_70FABBA57DFA,,16746.98,351.69,63.30,16331.99,2026-09-08
SET_1AB5C37E0BB3,BAT_1CE6311F0D6E,payment,PAY_D0983033B040,,3449.39,0.00,0.00,3449.39,2026-09-08
SET_1AC32E9FB72F,BAT_1CE6311F0D6E,payment,PAY_BFD40650AF8C,,3993.87,0.00,0.00,3993.87,2026-09-08
SET_1AD4C4BEB16B,BAT_38FD4BE54614,payment,PAY_7684002DE1BC,,39265.43,628.25,113.09,38524.09,2026-09-08
SET_1B11838FAF36,BAT_19ED03A65407,payment,PAY_CE7889790890,,11680.47,0.00,0.00,11680.47,2026-09-08
SET_1BB2324E011F,BAT_1CE6311F0D6E,payment,PAY_0831E86585A0,,1142.11,0.00,0.00,1142.11,2026-09-08
SET_1C7DE3D6B608,BAT_1CE6311F0D6E,payment,PAY_5BAEBE21AE6D,,7174.51,136.32,24.54,"7,013.65",2026-09-08
SET_1CCA5145D1BA,BAT_38FD4BE54614,payment,PAY_23A32DAC692A,,24966.55,449.40,80.89,24436.26,2026-09-08
SET_1CD337031784,BAT_1CE6311F0D6E,payment,PAY_C8984AD97E6E,,1344.93,0.00,0.00,1344.93,2026-09-08
SET_1CE7EFE599E4,BAT_1CE6311F0D6E,payment,PAY_7CF91833BEB0,,3680.00,0.00,0.00,3680.00,2026-09-08
SET_1CF00F2C7F20,BAT_38FD4BE54614,payment,PAY_8E895C1CA4A7,,39070.76,761.88,137.14,38171.74,2026-09-08
SET_1D03BB4B943E,BAT_1CE6311F0D6E,payment,PAY_2FE2A9878591,,1603.67,37.69,6.78,1559.20,2026-09-08
SET_1D6C2627C01B,BAT_38FD4BE54614,payment,PAY_84281CED5108,,41116.92,801.78,144.32,40170.82,2026-09-08
SET_1D75CC6B0F41,BAT_38FD4BE54614,payment,PAY_E7CB352DA470,,33389.79,601.02,108.18,32680.59,2026-09-08
SET_1D8CFC7843B0,BAT_38FD4BE54614,payment,PAY_87A773173D51,,50049.73,0.00,0.00,50049.73,2026-09-08
SET_1DD5C171452A,BAT_38FD4BE54614,payment,PAY_D081DC2608AE,,8149.67,146.69,26.40,7976.58,2026-09-08
SET_1DD6390B86A7,BAT_38FD4BE54614,payment,PAY_4D8A596DE8A8,,38880.60,622.09,111.98,38146.53,2026-09-08
SET_1E05B81CC213,BAT_1CE6311F0D6E,payment,PAY_DCB3A3073BA9,,6850.16,0.00,0.00,6850.16,2026-09-08
SET_1E0E69418761,BAT_19ED03A65407,payment,PAY_8B808F055959,,2393.12,0.00,0.00,2393.12,2026-09-08
SET_1EBA95A98FD9,BAT_1CE6311F0D6E,payment,PAY_6266CF75BCC4,,4103.06,0.00,0.00,4103.06,2026-09-08
SET_1F4EE24F5126,BAT_1CE6311F0D6E,payment,PAY_D35B9322FF09,,6565.48,0.00,0.00,6565.48,2026-09-08
SET_1F581110AF38,BAT_38FD4BE54614,payment,PAY_97802FFC47E4,,45619.73,821.16,147.81,44650.76,2026-09-08
SET_1FB2FFBAB715,BAT_19ED03A65407,payment,PAY_A424EF974CDC,,7125.80,142.52,25.65,6957.63,2026-09-08
SET_20138816399D,BAT_38FD4BE54614,payment,PAY_25265FC0475A,,10361.14,0.00,0.00,10361.14,2026-09-08
SET_206DA3628B3F,BAT_38FD4BE54614,payment,PAY_67CD4E208085,,33304.75,599.49,107.91,32597.35,2026-09-08
SET_20761E1B5312,BAT_38FD4BE54614,payment,PAY_A07491D91377,,50864.32,813.83,146.49,49904.00,2026-09-08
SET_20E3EE2C77F8,BAT_19ED03A65407,payment,PAY_895BD61B14B6,,23068.53,461.37,83.05,22524.11,2026-09-08
SET_219B6661CA6D,BAT_1CE6311F0D6E,payment,PAY_5F5CA8487BA5,,7965.01,159.30,28.67,7777.04,2026-09-08
SET_21C61DFA83DE,BAT_38FD4BE54614,payment,PAY_39E307EB3DC4,,44382.57,0.00,0.00,44382.57,2026-09-08
SET_21C81FD5BD73,BAT_1CE6311F0D6E,payment,PAY_7383FD743B26,,2443.93,0.00,0.00,2443.93,2026-09-08
SET_21E94585B51B,BAT_38FD4BE54614,payment,PAY_8CE3A621404E,,58531.09,1053.56,189.64,57287.89,2026-09-08
SET_2263A4DD66C0,BAT_1CE6311F0D6E,payment,PAY_53EA8239FED7,,7593.12,0.00,0.00,7593.12,2026-09-08
SET_22934F52D145,BAT_1CE6311F0D6E,payment,PAY_4A87935DF6B3,,5499.66,109.99,19.80,5369.87,2026-09-08
SET_2338C3FCEDD8,BAT_38FD4BE54614,refund,PAY_BC9230028EF9,RFD_E91BCA93B474,0.00,0.00,0.00,-57022.97,2026-09-08
SET_23613EFF353C,BAT_38FD4BE54614,payment,PAY_8D46374D7701,,10962.03,197.32,35.52,10729.19,2026-09-08
SET_2374D2E072FC,BAT_19ED03A65407,payment,PAY_0BD6C25D25A6,,17389.08,347.78,62.60, 16978.70 ,2026-09-08
SET_23DE6C841127,BAT_38FD4BE54614,payment,PAY_3770833D7790,,20745.04,0.00,0.00,20745.04,2026-09-08
SET_23FA1F82D452,BAT_19ED03A65407,payment,PAY_58C1128D0BA0,,20369.73,0.00,0.00,20369.73,2026-09-08
SET_23FE406241EA,BAT_19ED03A65407,payment,PAY_0611C13D3ABE,,24734.23,494.68,89.04,"24,150.51",2026-09-08
SET_247D2EA4A23C,BAT_38FD4BE54614,payment,PAY_708961AC4347,,12148.67,218.68,39.36,11890.63,2026-09-08
SET_24EE1AE6EAC7,BAT_38FD4BE54614,payment,PAY_C24977F3EB90,,57959.20,0.00,0.00,57959.2,2026-09-08
SET_2554889FB691,BAT_38FD4BE54614,payment,PAY_941E058DC35A,,28910.90,462.57,83.26,28365.07,2026-09-08
SET_25A595695EF6,BAT_19ED03A65407,payment,PAY_ED934EB404C0,,15586.33,0.00,0.00,15586.33,2026-09-08
SET_25F678BE19FE,BAT_38FD4BE54614,payment,PAY_0D9EC4206FDD,,46414.34,835.46,150.38,45428.50,2026-09-08
SET_261F46859AE0,BAT_19ED03A65407,payment,PAY_F9E4FC7CA7B3,,377.81,0.00,0.00,377.81,2026-09-08
SET_262DCB718C4B,BAT_38FD4BE54614,payment,PAY_6A2701C26018,,26636.67,426.19,76.71,26133.77,2026-09-08
SET_270E746D9374,BAT_19ED03A65407,payment,PAY_45052A83B8BB,,11502.84,230.06,41.41,11231.37,2026-09-08
SET_27870D7EADA7,BAT_38FD4BE54614,payment,PAY_A139A9B3FC19,,2912.52,46.60,8.39,2857.53,2026-09-08
SET_27B7E51CE728,BAT_1CE6311F0D6E,refund,PAY_9AA3662643F5,RFD_83F743002A9A,0.00,0.00,0.00,-1774.46,2026-09-08
SET_27C624FA0CBC,BAT_1CE6311F0D6E,payment,PAY_313C933503BD,,2906.88,0.00,0.00,2906.88,2026-09-08
SET_27F9C6C9B1F2,BAT_19ED03A65407,payment,PAY_5AEC5066E5C6,,16122.41,0.00,0.00,16122.41,2026-09-08
SET_28307A5448F8,BAT_19ED03A65407,payment,PAY_FC91EB872D48,,14292.82,300.15,54.03,13938.64,2026-09-08
SET_2857193547EE,BAT_19ED03A65407,payment,PAY_764FED8AEF14,,20994.21,0.00,0.00,20994.21,2026-09-08
SET_294C8684AEC8,BAT_19ED03A65407,payment,PAY_AD17C3ACD951,,18493.25,0.00,0.00,18493.25,2026-09-08
SET_295A180AB2F7,BAT_19ED03A65407,payment,PAY_1AA303BFF386,,5927.99,0.00,0.00,5927.99,2026-09-08
SET_29B365F40757,BAT_1CE6311F0D6E,payment,PAY_2B09B8CAB611,,3436.67,80.76,14.54,3341.37,2026-09-08
SET_29D3B2C00879,BAT_1CE6311F0D6E,payment,PAY_833AC258DE55,,3268.97,0.00,0.00,3268.97,2026-09-08
SET_29E13CD0EFDF,BAT_19ED03A65407,payment,PAY_30FD5478D79E,,9903.06,173.30,31.19,9698.57,2026-09-08
SET_2A18AF4D75EE,BAT_1CE6311F0D6E,payment,PAY_93D5D00A6659,,5060.37,101.21,18.22,4940.94,2026-09-08
SET_2A1C4D1025A1,BAT_38FD4BE54614,payment,PAY_F99022A07841,,57372.97,1032.71,185.89,56154.37,2026-09-08
SET_2AA878D4E10E,BAT_19ED03A65407,payment,PAY_3CC3F1721953,,20735.80,414.72,74.65,20246.43,2026-09-08
SET_2AF7FB817503,BAT_38FD4BE54614,refund,PAY_0592F104622F,RFD_9594432A9176,0.00,0.00,0.00,-49061.71,2026-09-08
SET_2B04C09A464E,BAT_1CE6311F0D6E,payment,PAY_56760D81B52F,,3405.35,0.00,0.00,3405.35,2026-09-08
SET_2B3FBDD4BCF9,BAT_1CE6311F0D6E,payment,PAY_98133CFB9AF0,,522.23,9.92,1.79,510.52,2026-09-08
SET_2BB2FC81CC93,BAT_38FD4BE54614,refund,PAY_7BFDC7119A1A,RFD_8E92694F84CA,0.00,0.00,0.00,-38881.65,2026-09-08
SET_2C3C2D7FDABF,BAT_19ED03A65407,payment,PAY_23EF415CDA4D,,7158.80,0.00,0.00,7158.80,2026-09-08
SET_2C6718078A37,BAT_19ED03A65407,payment,PAY_AF95D7EA20A4,,11143.56,222.87,40.12,10880.57,2026-09-08
SET_2C7A7BA9282D,BAT_38FD4BE54614,payment,PAY_6C3EF2AE84EB,,26343.80,474.19,85.35,25784.26,2026-09-08
SET_2C987BE8C5F1,BAT_19ED03A65407,payment,PAY_D0EBA442A48C,,10006.77,175.12,31.52,9800.13,2026-09-08
SET_2CA155E115B0,BAT_19ED03A65407,payment,PAY_C4BEF63B153F,,14960.48,314.17,56.55,14589.76,2026-09-08
SET_2D3E5DA1274F,BAT_38FD4BE54614,refund,PAY_51CD5DE76515,RFD_0C10294B1C2A,0.00,0.00,0.00,-40402.66,2026-09-08
SET_2D3F8CC87E34,BAT_38FD4BE54614,payment,PAY_ABB04269A831,,46965.83,845.38,152.17,"45,968.28",2026-09-08
SET_2D5324AB5EFB,BAT_19ED03A65407,payment,PAY_2E9A6D95E24D,,20826.91,416.54,74.98,20335.39,2026-09-08
SET_2D6930B59721,BAT_1CE6311F0D6E,payment,PAY_667FA9F8DADD,,1904.16,44.75,8.06,1851.35,2026-09-08
SET_2DD551796EE0,BAT_38FD4BE54614,payment,PAY_A05C5D8A5372,,58737.42,1057.27,190.31,57489.84,2026-09-08
SET_2DF531BD18A0,BAT_19ED03A65407,payment,PAY_64B255452107,,9243.93,184.88,33.28,9025.77,2026-09-08
SET_2DFCA7A4C30F,BAT_1CE6311F0D6E,payment,PAY_8C272F0EA5F5,,478.76,11.25,2.03,465.48,2026-09-08
SET_2E1E8002BB09,BAT_19ED03A65407,payment,PAY_75AD10887E6B,,15217.38,0.00,0.00,15217.38,2026-09-08
SET_2E30CAC88AFC,BAT_1CE6311F0D6E,payment,PAY_5258302E6779,,3398.89,79.87,14.38,3304.64,2026-09-08
SET_2E574EEA112B,BAT_19ED03A65407,payment,PAY_E9C4A4C1F507,,7562.90,151.26,27.23,7384.41,2026-09-08
SET_2E9E066DBA21,BAT_38FD4BE54614,payment,PAY_CA0C9EA62DB2,,59767.38,956.28,172.13,58638.97,2026-09-08
SET_2EF73118F8F1,BAT_38FD4BE54614,payment,PAY_19D4BC2C327F,,53887.92,969.98,174.60,52743.34,2026-09-08
SET_2F4C564DCEE6,BAT_38FD4BE54614,payment,PAY_37C31F319DAA,,26709.42,480.77,86.54,26142.11,2026-09-08
SET_2F50A4EBAE87,BAT_19ED03A65407,payment,PAY_38E7B959B2CE,,18240.60,364.81,65.67,17810.12,2026-09-08
SET_2F94ED6C0828,BAT_19ED03A65407,payment,PAY_06E12FBD23C3,,5969.63,119.39,21.49,5828.75,2026-09-08
SET_2FA5F3D78BE0,BAT_38FD4BE54614,payment,PAY_9342F436FE1E,,36784.77,0.00,0.00,36784.77,2026-09-08
SET_2FBEECA4E651,BAT_38FD4BE54614,payment,PAY_66DE791F8CC7,,8025.84,144.47,26.00,"7,855.37",2026-09-08
SET_2FC97F4EF6F1,BAT_19ED03A65407,payment,PAY_8D7AA0C34C93,,17758.31,310.77,55.94,"17,391.60",2026-09-08
SET_2FFDDF5EB5B8,BAT_1CE6311F0D6E,payment,PAY_490EDB346C67,,3638.69,0.00,0.00,3638.69,2026-09-08
SET_304A6BF80E83,BAT_38FD4BE54614,payment,PAY_96EF3909451F,,47936.87,0.00,0.00,47936.87,2026-09-08
SET_30EA375C8257,BAT_38FD4BE54614,payment,PAY_F5147E026AF6,,6041.50,108.75,19.58,5913.17,2026-09-08
SET_30F05ABE9593,BAT_19ED03A65407,payment,PAY_B8D25CDFF117,,17398.91,347.98,62.64,16988.29,2026-09-08
SET_310B05326C70,BAT_19ED03A65407,payment,PAY_C080341F51B7,,5148.60,0.00,0.00,5148.60,2026-09-08
SET_3121BE5F5E8B,BAT_1CE6311F0D6E,payment,PAY_27878D4B9F0C,,3271.43,0.00,0.00,3271.43,2026-09-08
SET_31275135D0B0,BAT_38FD4BE54614,refund,PAY_ED583820E85A,RFD_1439D4F16D48,0.00,0.00,0.00,-587.46,2026-09-08
SET_3149A6BAEC9B,BAT_19ED03A65407,payment,PAY_14D721A59933,,20777.43,415.55,74.80,20287.08,2026-09-08
SET_314B65A94D39,BAT_19ED03A65407,payment,PAY_30E43B754A6E,,17649.52,308.87,55.60,17285.05,2026-09-08
SET_3295D13C6E4B,BAT_1CE6311F0D6E,payment,PAY_3918D4B9579A,,7036.84,0.00,0.00, 7036.84 ,2026-09-08
SET_32FEADEE0DBD,BAT_19ED03A65407,refund,PAY_C58F23950283,RFD_7E648EA5D490,0.00,0.00,0.00,-8301.88,2026-09-08
SET_3306296B2C9F,BAT_1CE6311F0D6E,payment,PAY_1E990F377FBA,,5721.14,0.00,0.00,5721.14,2026-09-08
SET_33A6371C13E0,BAT_38FD4BE54614,payment,PAY_7FD4606D296B,,27384.04,492.91,88.72,26802.41,2026-09-08
SET_33FA71D45D5B,BAT_1CE6311F0D6E,payment,PAY_937A93E43423,,6129.97,0.00,0.00,6129.97,2026-09-08
SET_33FF548469BA,BAT_19ED03A65407,payment,PAY_3E0A36C650E0,,1189.34,20.81,3.75,1164.78,2026-09-08
SET_341680D06FB2,BAT_19ED03A65407,payment,PAY_AA9A85E2F78E,,5208.24,0.00,0.00,5208.24,2026-09-08
SET_3448854809FB,BAT_38FD4BE54614,payment,PAY_7BFDC7119A1A,,38881.65,0.00,0.00, 38881.65 ,2026-09-08
SET_350D6A9C65C0,BAT_1CE6311F0D6E,payment,PAY_0E9A60422E3C,,5336.08,0.00,0.00,5336.08,2026-09-08
SET_3515550D5E02,BAT_38FD4BE54614,payment,PAY_2C8AFA7E7D75,,13424.98,241.65,43.50,13139.83,2026-09-08
SET_356267135012,BAT_38FD4BE54614,payment,PAY_37ED59536560,,25860.29,465.49,83.79,25311.01,2026-09-08
SET_362160C662AD,BAT_19ED03A65407,payment,PAY_85F49FFAE173,,16686.59,333.73,60.07,16292.79,2026-09-08
SET_36385984730F,BAT_19ED03A65407,payment,PAY_197E65A47701,,11750.60,0.00,0.00,11750.60,2026-09-08
SET_3666AC93055D,BAT_38FD4BE54614,payment,PAY_F695F08C1907,,24952.38,399.24,71.86,24481.28,2026-09-08
SET_37278EC406E4,BAT_19ED03A65407,payment,PAY_6AC60518C954,,19016.35,0.00,0.00,19016.35,2026-09-08
SET_372804F80067,BAT_1CE6311F0D6E,payment,PAY_6676A29472B1,,7864.85,184.82,33.27,7646.76,2026-09-08
SET_374D349FABE2,BAT_1CE6311F0D6E,payment,PAY_93EC3C5665C9,,1867.90,0.00,0.00,1867.90,2026-09-08
SET_37B8A7D13A42,BAT_1CE6311F0D6E,payment,PAY_0ACB794693FE,,1843.38,0.00,0.00,1843.38,2026-09-08
SET_37F349CC525E,BAT_38FD4BE54614,refund,PAY_34651A015131,RFD_58FDB737B71E,0.00,0.00,0.00,-4214.80,2026-09-08
SET_3802568A7D2B,BAT_19ED03A65407,payment,PAY_7F28F23EECBB,,3640.05,76.44,13.76,3549.85,2026-09-08
SET_382B7991F02A,BAT_19ED03A65407,payment,PAY_BAA7657EF6A5,,5585.92,0.00,0.00,5585.92,2026-09-08
SET_38467A7DD9CD,BAT_1CE6311F0D6E,refund,PAY_6576255ACAEC,RFD_4F98224AB140,0.00,0.00,0.00,-2798.54,2026-09-08
SET_386B3B69BBD8,BAT_38FD4BE54614,payment,PAY_849117DBDBE3,,48334.80,870.03,156.61,47308.16,2026-09-08
SET_38BEAB1DE908,BAT_1CE6311F0D6E,payment,PAY_5413960427A9,,3649.84,85.77,15.44,3548.63,2026-09-08
SET_394000569DB1,BAT_19ED03A65407,payment,PAY_EB3687FAC760,,2289.55,45.79,8.24,2235.52,2026-09-08
SET_3962BFB6873F,BAT_1CE6311F0D6E,payment,PAY_E06476892848,,1253.31,0.00,0.00,1253.31,2026-09-08
SET_3963F61A2497,BAT_1CE6311F0D6E,payment,PAY_7433D30DF36F,,5856.25,0.00,0.00,5856.25,2026-09-08
SET_3A3CD769B24E,BAT_19ED03A65407,refund,PAY_895BD61B14B6,RFD_2B1EE1EE3884,0.00,0.00,0.00,-23068.53,2026-09-08
SET_3A693F59C7BB,BAT_1CE6311F0D6E,payment,PAY_1991CF3B396B,,670.04,13.40,2.41,654.23,2026-09-08
SET_3B9AF4719972,BAT_19ED03A65407,payment,PAY_84AFC8F4C4A0,,2485.80,52.20,9.40,2424.20,2026-09-08
SET_3C6F000C54E9,BAT_38FD4BE54614,payment,PAY_64B2EE3AC59E,,7483.85,0.00,0.00, 7483.85 ,2026-09-08
SET_3D6D33CCA003,BAT_1CE6311F0D6E,payment,PAY_31321DE63F04,,5011.11,0.00,0.00,"5,011.11",2026-09-08
SET_3D8DE8D8D0BD,BAT_38FD4BE54614,payment,PAY_0ED3FBA420DE,,47145.70,0.00,0.00,47145.70,2026-09-08
SET_3DD59E2A7021,BAT_1CE6311F0D6E,payment,PAY_CB818681EB61,,7814.45,0.00,0.00,7814.45,2026-09-08
SET_3DD80D969355,BAT_38FD4BE54614,payment,PAY_783C91B3E55D,,49838.82,897.10,161.48,48780.24,2026-09-08
SET_3E379F5D6A5E,BAT_19ED03A65407,payment,PAY_53DB1F2E8832,,14666.35,293.33,52.80,14320.22,2026-09-08
SET_3F11266BE665,BAT_19ED03A65407,payment,PAY_76AA3F86797C,,10298.55,205.97,37.07,10055.51,2026-09-08
SET_3F1336729C9C,BAT_38FD4BE54614,payment,PAY_BF9024D89099,,44210.79,795.79,143.24,43271.76,2026-09-08
SET_3F160184EA2F,BAT_19ED03A65407,refund,PAY_C8B681A0ABB4,RFD_B14440C3506E,0.00,0.00,0.00,-13305.81,2026-09-08
SET_3FA1F8B8AB14,BAT_38FD4BE54614,payment,PAY_E152327AD183,,30235.37,544.24,97.96,29593.17,2026-09-08
SET_4078D7D8720B,BAT_19ED03A65407,payment,PAY_5F12EBBDEE6A,,22535.78,0.00,0.00,22535.78,2026-09-08
SET_40A19974A1BC,BAT_1CE6311F0D6E,payment,PAY_5B9118971E4F,,5219.25,0.00,0.00,5219.25,2026-09-08
SET_40C6644F9494,BAT_38FD4BE54614,payment,PAY_20B0772C785C,,52400.65,943.21,169.78,51287.66,2026-09-08
SET_412CC21D6B47,BAT_38FD4BE54614,payment,PAY_6B0C8428C97D,,8719.81,156.96,28.25,8534.60,2026-09-08
SET_4149DBC320D9,BAT_19ED03A65407,payment,PAY_3610CEC05DBD,,6959.99,0.00,0.00,6959.99,2026-09-08
SET_41524CEA1C10,BAT_19ED03A65407,payment,PAY_2A3DA4AA95F2,,3883.13,77.66,13.98,3791.49,2026-09-08
SET_41814664A2D2,BAT_19ED03A65407,payment,PAY_B601E1FFBC89,,24411.37,488.23,87.88,23835.26,2026-09-08
SET_418221A6F4D7,BAT_1CE6311F0D6E,payment,PAY_86064128B150,,7563.51,0.00,0.00,7563.51,2026-09-08
SET_41E5D918525A,BAT_38FD4BE54614,refund,PAY_82369F4A33CE,RFD_870B4D7B459C,0.00,0.00,0.00,-12119.80,2026-09-08
SET_4237476BDD38,BAT_19ED03A65407,payment,PAY_547E59165BE1,,6546.27,137.47,24.74,6384.06,2026-09-08
SET_4275BCD98A86,BAT_19ED03A65407,payment,PAY_0F73C36BA2A9,,9626.45,0.00,0.00,9626.45,2026-09-08
SET_42ADBB5336BD,BAT_1CE6311F0D6E,payment,PAY_A81B4C0ABF2F,,6447.49,0.00,0.00,6447.49,2026-09-08
SET_4343944DA0FB,BAT_1CE6311F0D6E,payment,PAY_CD9EF41B5347,,583.62,0.00,0.00,583.62,2026-09-08
SET_4345ED67FD6A,BAT_19ED03A65407,payment,PAY_39E34C523D04,,8943.97,0.00,0.00,"8,943.97",2026-09-08
SET_446CCB278BEF,BAT_38FD4BE54614,payment,PAY_275C703B5D97,,52875.08,0.00,0.00,52875.08,2026-09-08
SET_44B3E5FD4490,BAT_19ED03A65407,payment,PAY_AC6BB1CCBBE5,,23392.64,467.85,84.21,22840.58,2026-09-08
SET_44FA60388E21,BAT_1CE6311F0D6E,payment,PAY_7B9B718E258C,,6826.58,0.00,0.00,6826.58,2026-09-08
SET_4571710579FF,BAT_1CE6311F0D6E,payment,PAY_40FB8235AAAC,,6629.67,155.80,28.04,6445.83,2026-09-08
SET_4589F3F59593,BAT_1CE6311F0D6E,payment,PAY_FA055791BA43,,1835.22,0.00,0.00,1835.22,2026-09-08
SET_45B894A694D8,BAT_38FD4BE54614,payment,PAY_7775C11A423B,,33749.90,607.50,109.35,33033.05,2026-09-08
SET_45EA1C8577F5,BAT_19ED03A65407,payment,PAY_D425AE88493D,,1068.93,21.38,3.85,1043.70,2026-09-08
SET_46128A8B884C,BAT_38FD4BE54614,payment,PAY_EB3B5A3F5F19,,23426.31,374.82,67.47,22984.02,2026-09-08
SET_468E86C37F76,BAT_19ED03A65407,payment,PAY_905576822BA4,,13739.93,0.00,0.00,13739.93,2026-09-08
SET_468ED09EE95A,BAT_38FD4BE54614,payment,PAY_C6FAE150F2AA,,20194.78,363.51,65.43,19765.84,2026-09-08
SET_46C7012A2773,BAT_1CE6311F0D6E,payment,PAY_996B8C7ECF9A,,4819.57,0.00,0.00,4819.57,2026-09-08
SET_484A6A749871,BAT_38FD4BE54614,payment,PAY_044104ABF695,,50428.31,907.71,163.39,49357.21,2026-09-08
SET_485E3C983876,BAT_19ED03A65407,payment,PAY_2AFB5142CAF7,,4040.98,70.72,12.73,3957.53,2026-09-08
SET_48E2E80D26AE,BAT_19ED03A65407,payment,PAY_66E5489E5FB3,,17726.27,354.53,63.82,17307.92,2026-09-08
SET_498A3F88F764,BAT_19ED03A65407,payment,PAY_03C5D6C0ACF0,,695.71,0.00,0.00,695.71,2026-09-08
SET_49BFA6AE4C4C,BAT_38FD4BE54614,payment,PAY_61F63E75AB39,,10102.54,181.85,32.73,9887.96,2026-09-08
SET_49E5730388D7,BAT_38FD4BE54614,refund,PAY_8B0CCCBC206C,RFD_5FBB6F97BA16,0.00,0.00,0.00,-36250.85,2026-09-08
SET_49E86D58A16C,BAT_38FD4BE54614,payment,PAY_3C7EC82F393E,,31603.71,505.66,91.02,31007.03,2026-09-08
SET_4A177BEC6108,BAT_38FD4BE54614,payment,PAY_F619312FFD75,,58268.50,932.30,167.81, 57168.39 ,2026-09-08
SET_4A36BDCCA67C,BAT_19ED03A65407,payment,PAY_43E431D2DEAF,,3322.71,66.45,11.96,3244.30,2026-09-08
SET_4A385C7CB7A5,BAT_1CE6311F0D6E,payment,PAY_C1780E6645F6,,5347.63,0.00,0.00, 5347.63 ,2026-09-08
SET_4A84DBF07AEA,BAT_19ED03A65407,payment,PAY_AD6DEBDE8784,,6458.87,0.00,0.00,6458.87,2026-09-08
SET_4AAAA104A29E,BAT_38FD4BE54614,payment,PAY_0ED14CE64340,,46787.09,842.17,151.59,45793.33,2026-09-08
SET_4B3E389ED4B6,BAT_1CE6311F0D6E,payment,PAY_7753FC1893AA,,4183.70,0.00,0.00,4183.70,2026-09-08
SET_4B5BD5A0A2A0,BAT_38FD4BE54614,payment,PAY_B9D607021D26,,56311.27,900.98,162.18,55248.11,2026-09-08
SET_4B74C889FC11,BAT_19ED03A65407,payment,PAY_CC53AB5967CF,,17343.11,346.86,62.43,16933.82,2026-09-08
SET_4BBA1BB662FA,BAT_38FD4BE54614,payment,PAY_99F7C21FE7AF,,29830.77,477.29,85.91,29267.57,2026-09-08
SET_4C1B768643B9,BAT_38FD4BE54614,payment,PAY_D67916D87DD4,,57557.08,1036.03,186.49,56334.56,2026-09-08
SET_4CABBC50CBF8,BAT_38FD4BE54614,payment,PAY_4357D8F14E56,,16775.20,301.95,54.35,16418.90,2026-09-08
SET_4CD6C50D1F1F,BAT_19ED03A65407,payment,PAY_7B608B1134FF,,4251.30,0.00,0.00,4251.30,2026-09-08
SET_4D1B5A4F1497,BAT_1CE6311F0D6E,payment,PAY_ECB8A762FA1F,,4801.57,112.84,20.31,4668.42,2026-09-08
SET_4DA6A06A38F3,BAT_1CE6311F0D6E,payment,PAY_A0A19E5AFB2B,,1396.77,32.82,5.91,1358.04,2026-09-08
SET_4DED757650F5,BAT_19ED03A65407,payment,PAY_D71826AE6B65,,16406.09,328.12,59.06,16018.91,2026-09-08
SET_4DFAEACEBFCD,BAT_38FD4BE54614,payment,PAY_E7ED95CB5699,,8046.93,0.00,0.00,8046.93,2026-09-08
SET_4E3AEE2C6928,BAT_19ED03A65407,payment,PAY_980E40687686,,3831.94,80.47,14.48,"3,736.99",2026-09-08
SET_4EDDBE4FDB2E,BAT_38FD4BE54614,payment,PAY_E5813E69EF75,,55718.38,0.00,0.00,55718.38,2026-09-08
SET_4EE7430B9F6F,BAT_1CE6311F0D6E,payment,PAY_DB1708B0AF3D,,4870.63,0.00,0.00,4870.63,2026-09-08
SET_4F7A39B89AA2,BAT_19ED03A65407,payment,PAY_6B8EFBA46EF2,,130.19,0.00,0.00,130.19,2026-09-08
SET_4F81C8A725C5,BAT_1CE6311F0D6E,refund,PAY_71DEC5C4F46A,RFD_5D53FCAB7680,0.00,0.00,0.00,-4091.50,2026-09-08
SET_5009A28FFA68,BAT_19ED03A65407,payment,PAY_5EA9508F4DC4,,14425.72,288.51,51.93,14085.28,2026-09-08
SET_5031467A9FEF,BAT_19ED03A65407,payment,PAY_151145D2FD04,,14638.81,0.00,0.00,14638.81,2026-09-08
SET_5052774C4B09,BAT_38FD4BE54614,payment,PAY_82369F4A33CE,,18076.27,0.00,0.00,18076.27,2026-09-08
SET_50B06C71A082,BAT_1CE6311F0D6E,payment,PAY_62EFF0C12598,,645.69,0.00,0.00,645.69,2026-09-08
SET_50E576C58445,BAT_38FD4BE54614,refund,PAY_A29179C2B732,RFD_F750E0E091A7,0.00,0.00,0.00,-5973.20,2026-09-08
SET_51060F17B0CF,BAT_1CE6311F0D6E,payment,PAY_9AC0450A9A60,,2928.65,68.82,12.39,2847.44,2026-09-08
SET_51071862B98F,BAT_1CE6311F0D6E,payment,PAY_FB14E9252324,,5369.94,0.00,0.00,5369.94,2026-09-08
SET_5111DFC7933A,BAT_38FD4BE54614,payment,PAY_4E033B7DECD1,,14160.61,226.57,40.78,"13,893.26",2026-09-08
SET_512FFC43C32A,BAT_19ED03A65407,payment,PAY_6DCFAEE18A8C,,18212.64,364.25,65.57,17782.82,2026-09-08
SET_5166B0841865,BAT_1CE6311F0D6E,payment,PAY_16A7A4832AED,,3211.77,0.00,0.00,3211.77,2026-09-08
SET_518D0F745591,BAT_19ED03A65407,payment,PAY_0E180010E60C,,18855.24,377.10,67.88,18410.26,2026-09-08
SET_519B6CCCC60A,BAT_19ED03A65407,payment,PAY_307E93BDFA30,,20109.64,402.19,72.39,19635.06,2026-09-08
SET_519D770F54CD,BAT_1CE6311F0D6E,payment,PAY_66CB10E745B6,,6865.19,0.00,0.00,6865.19,2026-09-08
SET_51F2A02CF5B4,BAT_38FD4BE54614,payment,PAY_3E4F36284C39,,25494.78,407.92,73.43,25013.43,2026-09-08
SET_521FA1136E07,BAT_38FD4BE54614,payment,PAY_7D809CFAD7A7,,45544.10,0.00,0.00,"45,544.10",2026-09-08
SET_524C6EBC6DF5,BAT_19ED03A65407,payment,PAY_B5AF72AB48BC,,14523.57,290.47,52.28,14180.82,2026-09-08
SET_52EEB7EE886E,BAT_1CE6311F0D6E,payment,PAY_05C51C6A9D47,,7089.32,0.00,0.00,7089.32,2026-09-08
SET_53894C9EF6F5,BAT_19ED03A65407,payment,PAY_B7D7ECD33881,,14149.55,282.99,50.94,13815.62,2026-09-08
SET_5397D44C803E,BAT_38FD4BE54614,payment,PAY_2958727ACBB8,,8268.19,148.83,26.79,8092.57,2026-09-08
SET_53CB837023D4,BAT_38FD4BE54614,payment,PAY_04157190FD8D,,7866.95,125.87,22.66, 7718.42 ,2026-09-08
SET_544245EAE7FA,BAT_19ED03A65407,payment,PAY_9D02351E9BEA,,586.65,11.73,2.11,572.81,2026-09-08
SET_5455812003BA,BAT_1CE6311F0D6E,payment,PAY_D792C11C2E0E,,5213.30,122.51,22.05,5068.74,2026-09-08
SET_550F6AFCD2FA,BAT_19ED03A65407,refund,PAY_C080341F51B7,RFD_DE37F9CE4013,0.00,0.00,0.00,-4049.10,2026-09-08
SET_5542372B6FE1,BAT_19ED03A65407,payment,PAY_42616BE6EAC7,,7489.27,149.79,26.96,"7,312.52",2026-09-08
SET_5546FE55ACA7,BAT_1CE6311F0D6E,payment,PAY_639D3480CE49,,917.58,0.00,0.00,917.58,2026-09-08
SET_554F0562293B,BAT_1CE6311F0D6E,refund,PAY_6AAAF4AF5D97,RFD_6157AD625812,0.00,0.00,0.00,-2662.84,2026-09-08
SET_558D288C2A97,BAT_1CE6311F0D6E,payment,PAY_90AD74675CFE,,3412.08,80.18,14.43, 3317.47 ,2026-09-08
SET_55DC03011FF3,BAT_1CE6311F0D6E,payment,PAY_CA6C5A121D7F,,6863.22,0.00,0.00,6863.22,2026-09-08
SET_561E3580A501,BAT_38FD4BE54614,payment,PAY_43D24524B04E,,45648.28,821.67,147.90,44678.71,2026-09-08
SET_5620FE7D62C1,BAT_1CE6311F0D6E,refund,PAY_6DFB20144FE6,RFD_B08A296CE53A,0.00,0.00,0.00,-4301.45,2026-09-08
SET_56384612C0AA,BAT_1CE6311F0D6E,payment,PAY_164836C199D8,,1656.00,0.00,0.00,1656.00,2026-09-08
SET_5659A5A567AD,BAT_19ED03A65407,payment,PAY_158AD19E9E7B,,24548.72,0.00,0.00,24548.72,2026-09-08
SET_5672C0704769,BAT_19ED03A65407,payment,PAY_67A84DF67D60,,4010.83,80.22,14.44,3916.17,2026-09-08
SET_56802ED41196,BAT_38FD4BE54614,payment,PAY_DF310D48A61F,,11353.61,221.40,39.85,11092.36,2026-09-08
SET_5680A8D120D9,BAT_1CE6311F0D6E,payment,PAY_57914D39825A,,3561.92,0.00,0.00,3561.92,2026-09-08
SET_56AD0FC171D7,BAT_1CE6311F0D6E,payment,PAY_99E87E205A8E,,5593.63,0.00,0.00, 5593.63 ,2026-09-08
SET_57202C62E672,BAT_38FD4BE54614,payment,PAY_C2A3017268D5,,55345.80,885.53,159.40,"54,300.87",2026-09-08
SET_572E002A28CA,BAT_1CE6311F0D6E,refund,PAY_4088B1664F93,RFD_CE7FD180E56E,0.00,0.00,0.00,-4750.81,2026-09-08
SET_573701C9A6DE,BAT_1CE6311F0D6E,payment,PAY_411C4F02C87C,,1808.25,36.17,6.51,1765.57,2026-09-08
SET_578D426B2058,BAT_19ED03A65407,payment,PAY_1093334C4C7B,,6439.08,0.00,0.00,6439.08,2026-09-08
SET_579277BDD7C4,BAT_1CE6311F0D6E,payment,PAY_CF9EE9EA8F4D,,5447.82,0.00,0.00,5447.82,2026-09-08
SET_5798A3868AB1,BAT_38FD4BE54614,payment,PAY_E0E7FCDFDB2D,,44267.88,796.82,143.43,43327.63,2026-09-08
SET_57F17A1514C3,BAT_1CE6311F0D6E,payment,PAY_9DDC7B37C5F2,,1576.17,0.00,0.00,1576.17,2026-09-08
SET_58002E74DAF4,BAT_1CE6311F0D6E,payment,PAY_939DC6BF455E,,439.43,0.00,0.00,439.43,2026-09-08
SET_58780C259796,BAT_1CE6311F0D6E,payment,PAY_CD0C40A5364D,,375.63,0.00,0.00,375.63,2026-09-08
SET_58DFF2593388,BAT_19ED03A65407,payment,PAY_3BB84805BF75,,14490.50,289.81,52.17, 14148.52 ,2026-09-08
SET_58F3D25CA764,BAT_19ED03A65407,payment,PAY_191E10D3BEB0,,16398.66,327.97,59.03,16011.66,2026-09-08
SET_599C965540D2,BAT_1CE6311F0D6E,payment,PAY_091DCC914D2A,,4178.43,0.00,0.00, 4178.43 ,2026-09-08
SET_5A041EB766A3,BAT_1CE6311F0D6E,payment,PAY_AB11D09E1DFB,,6592.29,0.00,0.00, 6592.29 ,2026-09-08
SET_5A3BA0FAAECD,BAT_38FD4BE54614,payment,PAY_00796B751F66,,29966.60,539.40,97.09, 29330.11 ,2026-09-08
SET_5A42FA1401D6,BAT_38FD4BE54614,payment,PAY_45FFF548ED45,,51107.25,919.93,165.59,50021.73,2026-09-08
SET_5A8D0A0F516A,BAT_1CE6311F0D6E,refund,PAY_F6EFC8DD43CA,RFD_216040D8C697,0.00,0.00,0.00,-4994.19,2026-09-08
SET_5AD7038C1CB5,BAT_38FD4BE54614,payment,PAY_96F45E39A214,,29080.73,0.00,0.00,29080.73,2026-09-08
SET_5ADD6F8A13D6,BAT_38FD4BE54614,payment,PAY_804C3EF291F4,,21162.49,0.00,0.00,21162.49,2026-09-08
SET_5BB339AF420C,BAT_1CE6311F0D6E,payment,PAY_EC3FFAF665E8,,4868.59,114.41,20.59,4733.59,2026-09-08
SET_5BC3A474C924,BAT_1CE6311F0D6E,payment,PAY_7C614232CD45,,7841.81,184.28,33.17,7624.36,2026-09-08
SET_5C5870B4605C,BAT_1CE6311F0D6E,payment,PAY_A4DB8A5DDECC,,318.87,6.06,1.09,311.72,2026-09-08
SET_5CDA4E347A27,BAT_19ED03A65407,payment,PAY_A4481A28C7C7,,12662.81,253.26,45.59,12363.96,2026-09-08
SET_5CEA8E06E17C,BAT_19ED03A65407,payment,PAY_7EA71C033C66,,23007.87,0.00,0.00,23007.87,2026-09-08
SET_5D07AF526062,BAT_19ED03A65407,payment,PAY_7D2069DBCC68,,16451.33,329.03,59.23,16063.07,2026-09-08
SET_5D38D657039B,BAT_38FD4BE54614,payment,PAY_1F45CB19DFCA,,14160.24,254.88,45.88,13859.48,2026-09-08
SET_5D5BA613BBFB,BAT_19ED03A65407,payment,PAY_AE549A03AFA1,,6948.01,0.00,0.00,6948.01,2026-09-08
SET_5DC8458CD99F,BAT_19ED03A65407,payment,PAY_36661B84EF57,,17369.45,0.00,0.00,17369.45,2026-09-08
SET_5E1FD8493AE5,BAT_38FD4BE54614,payment,PAY_A67AB7B6B330,,40197.55,0.00,0.00,40197.55,2026-09-08
SET_5E6971862375,BAT_19ED03A65407,payment,PAY_BD9D13806F2D,,16202.77,283.55,51.04, 15868.18 ,2026-09-08
SET_5E6A1BDE56D2,BAT_1CE6311F0D6E,payment,PAY_97410F726502,,3156.07,74.17,13.35,3068.55,2026-09-08
SET_5EA75F24F2A7,BAT_1CE6311F0D6E,payment,PAY_F2F38F3DF6DD,,5403.26,0.00,0.00,5403.26,2026-09-08
SET_5F13F7D93CA4,BAT_1CE6311F0D6E,payment,PAY_6BDF62AF9B70,,6019.67,0.00,0.00,6019.67,2026-09-08
SET_5F447A45B263,BAT_38FD4BE54614,payment,PAY_02B4583BEB8C,,22594.83,406.71,73.21,22114.91,2026-09-08
SET_5F8FE02A6DCB,BAT_38FD4BE54614,payment,PAY_04EBC17029CA,,31670.68,570.07,102.61,30998.00,2026-09-08
SET_606DB97D2EB8,BAT_1CE6311F0D6E,payment,PAY_6B5BC1CFDBA5,,6906.25,0.00,0.00,6906.25,2026-09-08
SET_6075D8E5CABC,BAT_19ED03A65407,payment,PAY_9B7D1DA7C3EB,,8620.53,172.41,31.03,8417.09,2026-09-08
SET_6091398FF09C,BAT_19ED03A65407,payment,PAY_08E656ADC3E0,,13630.82,272.62,49.07,13309.13,2026-09-08
SET_610F9097C203,BAT_1CE6311F0D6E,payment,PAY_DB582E88CCE7,,2463.21,57.89,10.42,2394.90,2026-09-08
SET_612D6AF28CDB,BAT_19ED03A65407,payment,PAY_5F37C86DE819,,598.73,10.48,1.89,586.36,2026-09-08
SET_61953F513839,BAT_38FD4BE54614,payment,PAY_554B165AC638,,42268.98,0.00,0.00,42268.98,2026-09-08
SET_621531FCCAD2,BAT_38FD4BE54614,payment,PAY_0789584F8731,,37877.62,0.00,0.00,37877.62,2026-09-08
SET_62F106375E1A,BAT_19ED03A65407,payment,PAY_8B8A18869FC5,,12501.41,0.00,0.00,12501.41,2026-09-08
SET_6331E8F5B9FD,BAT_38FD4BE54614,payment,PAY_30BCD35BA765,,55847.09,1005.25,180.95,54660.89,2026-09-08
SET_638C87607FC2,BAT_38FD4BE54614,payment,PAY_682DADAFDB69,,3153.16,56.76,10.22,3086.18,2026-09-08
SET_63BF3B21BD1C,BAT_38FD4BE54614,payment,PAY_9DB3CD714CB8,,52703.37,948.66,170.76,51583.95,2026-09-08
SET_63C06EFCDB54,BAT_38FD4BE54614,payment,PAY_72BA9CF7AC30,,47123.09,0.00,0.00,"47,123.09",2026-09-08
SET_642244DC301B,BAT_19ED03A65407,payment,PAY_61824EE782BF,,514.90,10.30,1.85,502.75,2026-09-08
SET_649708748AB7,BAT_38FD4BE54614,refund,PAY_BEC72255E35A,RFD_443C9B3A7899,0.00,0.00,0.00,-10655.04,2026-09-08
SET_64F2C2E694F6,BAT_38FD4BE54614,payment,PAY_24ECF10FB68E,,37926.95,682.69,122.88,37121.38,2026-09-08
SET_65000FF28FB8,BAT_1CE6311F0D6E,payment,PAY_817573A3EA32,,6384.55,0.00,0.00,6384.55,2026-09-08
SET_6564755895DB,BAT_1CE6311F0D6E,payment,PAY_A3893FAD09B2,,817.00,0.00,0.00,817,2026-09-08
SET_65A19EA35515,BAT_19ED03A65407,payment,PAY_A22F9DD721CE,,23891.93,418.11,75.26,23398.56,2026-09-08
SET_65E87CA49821,BAT_19ED03A65407,payment,PAY_4315F2926CFF,,8664.96,181.96,32.75,8450.25,2026-09-08
SET_665D842BC13E,BAT_1CE6311F0D6E,payment,PAY_E2410184E1C6,,450.05,8.55,1.54,439.96,2026-09-08
SET_66778A3D4A18,BAT_19ED03A65407,refund,PAY_0BD6C25D25A6,RFD_701952AEC99A,0.00,0.00,0.00,-17389.08,2026-09-08
SET_6685D573E3F6,BAT_1CE6311F0D6E,payment,PAY_D21975369556,,1840.38,0.00,0.00,1840.38,2026-09-08
SET_66A38D8FD08C,BAT_38FD4BE54614,payment,PAY_D0D460F93E2B,,1270.78,22.87,4.12,1243.79,2026-09-08
SET_66F964E2CDBF,BAT_38FD4BE54614,payment,PAY_96690A2E00AF,,54921.68,988.59,177.95,"53,755.14",2026-09-08
SET_672A143DA772,BAT_1CE6311F0D6E,payment,PAY_DD8C66AED6CB,,6529.59,0.00,0.00,"6,529.59",2026-09-08
SET_6774212540EB,BAT_38FD4BE54614,payment,PAY_B2C6001D7612,,15591.71,0.00,0.00,15591.71,2026-09-08
SET_6778CB1349CB,BAT_19ED03A65407,payment,PAY_EA3BBC598D71,,3885.30,77.71,13.99,3793.60,2026-09-08
SET_67D098CF0F13,BAT_1CE6311F0D6E,payment,PAY_A6160F31093E,,6502.36,152.81,27.51,6322.04,2026-09-08
SET_68221F8E78F0,BAT_1CE6311F0D6E,payment,PAY_AE3DAF261F9B,,2179.13,0.00,0.00,2179.13,2026-09-08
SET_6843F72D87C2,BAT_19ED03A65407,payment,PAY_13B7A869FB60,,20458.41,358.02,64.44,20035.95,2026-09-08
SET_687AF40FD44E,BAT_1CE6311F0D6E,payment,PAY_38EBB042439F,,790.67,18.58,3.34,768.75,2026-09-08
SET_689F9AD226BC,BAT_1CE6311F0D6E,payment,PAY_6D23AB0E9101,,5548.37,0.00,0.00, 5548.37 ,2026-09-08
SET_68F9EAE47EBA,BAT_38FD4BE54614,payment,PAY_7AA315D046CB,,41641.32,666.26,119.93,40855.13,2026-09-08
SET_69085B8AB2F8,BAT_38FD4BE54614,payment,PAY_A28ABBE604EF,,31775.34,571.96,102.95,31100.43,2026-09-08
SET_69B123729D6B,BAT_19ED03A65407,payment,PAY_148509F670C1,,21054.65,421.09,75.80,20557.76,2026-09-08
SET_6A13B5A3B6E9,BAT_19ED03A65407,payment,PAY_510370CFC02E,,18679.12,373.58,67.24,18238.30,2026-09-08
SET_6A7CA97AD5E5,BAT_38FD4BE54614,payment,PAY_20875DA93430,,17930.16,322.74,58.09,17549.33,2026-09-08
SET_6AEDB9C181A7,BAT_38FD4BE54614,payment,PAY_3A8CFE2D7EAE,,27807.03,444.91,80.08,27282.04,2026-09-08
SET_6B00907EE58F,BAT_1CE6311F0D6E,payment,PAY_C9385201D7AD,,577.92,13.58,2.44,561.90,2026-09-08
SET_6B072EBC68B6,BAT_19ED03A65407,payment,PAY_AEDDE8572641,,980.54,0.00,0.00, 980.54 ,2026-09-08
SET_6B168679140F,BAT_1CE6311F0D6E,payment,PAY_79C0CA271F8B,,4600.47,0.00,0.00,4600.47,2026-09-08
SET_6B1BA458DE24,BAT_38FD4BE54614,refund,PAY_2293A3D6695E,RFD_EE8217B04ECC,0.00,0.00,0.00,-35101.07,2026-09-08
SET_6B3CE395A1EF,BAT_38FD4BE54614,payment,PAY_CDC9F50911B9,,45330.42,725.29,130.55,"44,474.58",2026-09-08
SET_6B3DE452328A,BAT_38FD4BE54614,payment,PAY_2C27F66E4CF4,,27272.22,0.00,0.00, 27272.22 ,2026-09-08
SET_6B7E0898C080,BAT_38FD4BE54614,payment,PAY_0BB3E5E01AB6,,30796.58,554.34,99.78,30142.46,2026-09-08
SET_6C40DF8552D5,BAT_38FD4BE54614,payment,PAY_68A68C0B706A,,58880.98,1059.86,190.77,57630.35,2026-09-08
SET_6C54E39D6D19,BAT_1CE6311F0D6E,payment,PAY_85A6287CDA28,,1940.87,45.61,8.21,1887.05,2026-09-08
SET_6CA2EB7AF0C2,BAT_38FD4BE54614,payment,PAY_A807584FDBDB,,48434.44,871.82,156.93, 47405.69 ,2026-09-08
SET_6CC222BC257B,BAT_19ED03A65407,payment,PAY_C86550050239,,24251.19,485.02,87.30,23678.87,2026-09-08
SET_6CF1ABEE42B2,BAT_19ED03A65407,payment,PAY_BFEFCF357114,,3885.37,81.59,14.69,3789.09,2026-09-08
SET_6D1B0218D2B7,BAT_19ED03A65407,payment,PAY_344853BD2E7A,,19548.33,0.00,0.00,19548.33,2026-09-08
SET_6DAD7BA6CE77,BAT_38FD4BE54614,payment,PAY_116E34EFD12B,,42842.66,685.48,123.39,42033.79,2026-09-08
SET_6DBCE0B9B7FB,BAT_38FD4BE54614,payment,PAY_4140EA90F946,,5946.37,107.03,19.27,5820.07,2026-09-08
SET_6E176AE0CCDA,BAT_1CE6311F0D6E,payment,PAY_7FAAF190C732,,369.89,0.00,0.00, 369.89 ,2026-09-08
SET_6E7A76B417FD,BAT_19ED03A65407,payment,PAY_FD4EDA267772,,22475.35,449.51,80.91,21944.93,2026-09-08
SET_6ECA807D061F,BAT_19ED03A65407,payment,PAY_78A811E1A104,,9352.31,187.05,33.67,9131.59,2026-09-08
SET_6F5DA6A23004,BAT_19ED03A65407,payment,PAY_1A16B526D59E,,10671.78,213.44,38.42,10419.92,2026-09-08
SET_6F8F5523124C,BAT_19ED03A65407,payment,PAY_58D9677D2E29,,6600.83,132.02,23.76,6445.05,2026-09-08
SET_70090737C8E1,BAT_38FD4BE54614,payment,PAY_62350B9EBEFF,,25598.85,460.78,82.94,25055.13,2026-09-08
SET_700C5D92B75F,BAT_38FD4BE54614,payment,PAY_B7B2DDCC92D6,,50408.93,0.00,0.00,50408.93,2026-09-08
SET_7069A6681366,BAT_1CE6311F0D6E,payment,PAY_EE00E83B923C,,666.83,15.67,2.82,648.34,2026-09-08
SET_7084AB5A0F9D,BAT_1CE6311F0D6E,payment,PAY_9A2C4F2D74CC,,3359.97,0.00,0.00,3359.97,2026-09-08
SET_70BACEA5243F,BAT_19ED03A65407,payment,PAY_C9BF3EC6F5A6,,1247.17,0.00,0.00,1247.17,2026-09-08
SET_70CC1C094E8B,BAT_1CE6311F0D6E,payment,PAY_A9A5D32B1FC1,,7011.85,0.00,0.00,7011.85,2026-09-08
SET_70D48258BF2E,BAT_1CE6311F0D6E,payment,PAY_3FCB894EA86C,,7657.19,179.94,32.39,7444.86,2026-09-08
SET_712575CE5A77,BAT_38FD4BE54614,payment,PAY_03D1583F7828,,13465.00,242.37,43.63,13179.00,2026-09-08
SET_712D5BC388AF,BAT_19ED03A65407,payment,PAY_C2B189469FDD,,12679.09,253.58,45.64,12379.87,2026-09-08
SET_71DDE0EA1399,BAT_1CE6311F0D6E,payment,PAY_957DEACC918C,,5387.31,0.00,0.00,5387.31,2026-09-08
SET_72666C2960BB,BAT_38FD4BE54614,refund,PAY_DB88CDF8D657,RFD_BF392299CB16,0.00,0.00,0.00,-22030.02,2026-09-08
SET_7282FDCFAFB7,BAT_38FD4BE54614,payment,PAY_BF394FFB08AB,,18331.94,329.97,59.39,17942.58,2026-09-08
SET_7364A47EC5FE,BAT_38FD4BE54614,payment,PAY_00E73DB489E0,,13309.59,0.00,0.00,13309.59,2026-09-08
SET_73A0055411F2,BAT_19ED03A65407,payment,PAY_27EA57AD2506,,24476.73,489.53,88.12,23899.08,2026-09-08
SET_73C307519F06,BAT_19ED03A65407,payment,PAY_0DE3EF59B443,,12287.64,245.75,44.24,11997.65,2026-09-08
SET_740AEC41353D,BAT_1CE6311F0D6E,payment,PAY_BBC33A847DCC,,5930.16,0.00,0.00,5930.16,2026-09-08
SET_747ACAE38FEE,BAT_19ED03A65407,refund,PAY_580ABE77E2AB,RFD_229353CA7EC4,0.00,0.00,0.00,-10700.61,2026-09-08
SET_74AD38D931BC,BAT_1CE6311F0D6E,payment,PAY_3EA2660AB226,,3306.77,77.71,13.99,3215.07,2026-09-08
SET_74E897B9189B,BAT_19ED03A65407,payment,PAY_5E14EE30D101,,6372.50,111.52,20.07,6240.91,2026-09-08
SET_7510D9317D2D,BAT_1CE6311F0D6E,payment,PAY_46DFB620BA05,,457.73,0.00,0.00,457.73,2026-09-08
SET_7518EB451C60,BAT_38FD4BE54614,payment,PAY_68BAE16E0D56,,51573.58,0.00,0.00,51573.58,2026-09-08
SET_754C993B142C,BAT_19ED03A65407,payment,PAY_47647C6A8FF0,,18417.99,386.78,69.62,17961.59,2026-09-08
SET_758476F74E8B,BAT_1CE6311F0D6E,payment,PAY_F54892C2015B,,7635.94,145.08,26.11,7464.75,2026-09-08
SET_76148E989093,BAT_1CE6311F0D6E,payment,PAY_5B084B2DA611,,4285.75,0.00,0.00,4285.75,2026-09-08
SET_762C3D0204A0,BAT_1CE6311F0D6E,payment,PAY_9204916625D1,,2160.59,0.00,0.00,2160.59,2026-09-08
SET_766BE2EEF6F1,BAT_1CE6311F0D6E,payment,PAY_8DAADC088CE3,,2403.63,0.00,0.00,2403.63,2026-09-08
SET_766DB6A65FF3,BAT_1CE6311F0D6E,payment,PAY_00E51E526AAD,,690.08,0.00,0.00,690.08,2026-09-08
SET_7676E3C2070B,BAT_1CE6311F0D6E,payment,PAY_A8E2BCF06C3E,,3680.32,69.93,12.59,3597.80,2026-09-08
SET_768C1E474418,BAT_1CE6311F0D6E,payment,PAY_25FC7ABE12A7,,3039.37,0.00,0.00,3039.37,2026-09-08
SET_76CAC4D165A2,BAT_1CE6311F0D6E,payment,PAY_F6EFC8DD43CA,,4994.19,0.00,0.00,4994.19,2026-09-08
SET_77149FB9F374,BAT_19ED03A65407,payment,PAY_09079ED15E1D,,14004.70,280.09,50.42,13674.19,2026-09-08
SET_7761F78CB921,BAT_1CE6311F0D6E,payment,PAY_1D2F6DCFCF28,,4246.70,0.00,0.00,4246.70,2026-09-08
SET_777652CE023D,BAT_38FD4BE54614,payment,PAY_FFB43AD23017,,41894.99,754.11,135.74,41005.14,2026-09-08
SET_779039EFD9FB,BAT_19ED03A65407,payment,PAY_D43AC7E92C29,,20013.61,400.27,72.05,19541.29,2026-09-08
SET_77FDB82F52DF,BAT_38FD4BE54614,payment,PAY_25BF91665014,,45641.73,821.55,147.88,44672.30,2026-09-08
SET_78085C081756,BAT_19ED03A65407,payment,PAY_7C29B1CBDC4C,,21949.23,438.98,79.02,21431.23,2026-09-08
SET_789759F4F45C,BAT_19ED03A65407,payment,PAY_1AF081A700E7,,10278.84,0.00,0.00,10278.84,2026-09-08
SET_78BD8D3B0C41,BAT_19ED03A65407,payment,PAY_6761087EDA08,,19548.33,0.00,0.00,19548.33,2026-09-08
SET_78DA19D49864,BAT_38FD4BE54614,payment,PAY_E340A9C9299E,,32983.63,593.71,106.87,32283.05,2026-09-08
SET_79133EBC01B7,BAT_38FD4BE54614,payment,PAY_4CEA72B45DA9,,2451.46,44.13,7.94,2399.39,2026-09-08
SET_79312464BB84,BAT_38FD4BE54614,payment,PAY_EC464865E71C,,25111.90,401.79,72.32,24637.79,2026-09-08
SET_796440994673,BAT_1CE6311F0D6E,payment,PAY_D2D8D53943B7,,1212.16,28.49,5.13,1178.54,2026-09-08
SET_799ACE03E523,BAT_38FD4BE54614,payment,PAY_4FF89AF8E69D,,48571.68,874.29,157.37,47540.02,2026-09-08
SET_79B3B3C62949,BAT_1CE6311F0D6E,payment,PAY_CC218661CA0C,,2642.66,62.10,11.18,2569.38,2026-09-08
SET_79F06FD727B9,BAT_1CE6311F0D6E,payment,PAY_F855500AC858,,6659.16,156.49,28.17,6474.50,2026-09-08
SET_7A24871E5DF2,BAT_38FD4BE54614,payment,PAY_C724F2B7DF9A,,26747.74,481.46,86.66,26179.62,2026-09-08
SET_7A2794F8B456,BAT_38FD4BE54614,payment,PAY_C1C7541D91AE,,25891.44,414.26,74.57,25402.61,2026-09-08
SET_7A4774191FAE,BAT_19ED03A65407,payment,PAY_7B67211BB9FA,,7674.94,0.00,0.00,7674.94,2026-09-08
SET_7A5C758620A5,BAT_19ED03A65407,payment,PAY_9AC5BBE84BF5,,6347.56,0.00,0.00,6347.56,2026-09-08
SET_7A5FBDCA0F12,BAT_1CE6311F0D6E,payment,PAY_5B31F8EAC06A,,5518.83,0.00,0.00,5518.83,2026-09-08
SET_7A840DACA6A5,BAT_1CE6311F0D6E,payment,PAY_01BA9D021460,,1812.06,0.00,0.00,1812.06,2026-09-08
SET_7ABA716BA775,BAT_1CE6311F0D6E,payment,PAY_5BAD8CEDC417,,6230.87,0.00,0.00,6230.87,2026-09-08
SET_7AF178BB210F,BAT_19ED03A65407,payment,PAY_ECC80AB6FBB3,,13908.68,278.17,50.07,13580.44,2026-09-08
SET_7B444412EDEF,BAT_19ED03A65407,payment,PAY_C8B681A0ABB4,,15925.94,334.44,60.20,15531.30,2026-09-08
SET_7BB9AE53B64F,BAT_1CE6311F0D6E,payment,PAY_C630BC80986B,,6477.25,0.00,0.00,6477.25,2026-09-08
SET_7BF5C452DFA1,BAT_19ED03A65407,refund,PAY_329AC42C6C7D,RFD_FE0A65EFEF8D,0.00,0.00,0.00,-17049.11,2026-09-08
SET_7C5D92C1C6C6,BAT_1CE6311F0D6E,payment,PAY_9DA286FAA60A,,6281.98,0.00,0.00,6281.98,2026-09-08
SET_7C64F4250670,BAT_1CE6311F0D6E,payment,PAY_C77AF8365AD9,,477.55,0.00,0.00,477.55,2026-09-08
SET_7D46406E0D59,BAT_38FD4BE54614,payment,PAY_9EC152FA57A5,,13424.98,241.65,43.50,13139.83,2026-09-08
SET_7D75840166D2,BAT_1CE6311F0D6E,payment,PAY_5B7A59C16418,,6490.94,0.00,0.00,6490.94,2026-09-08
SET_7D87EE06C116,BAT_1CE6311F0D6E,payment,PAY_02CED739B904,,875.49,16.63,2.99,855.87,2026-09-08
SET_7D8B78DBE0AE,BAT_1CE6311F0D6E,payment,PAY_8124093A6527,,5202.68,0.00,0.00,5202.68,2026-09-08
SET_7E55C20AE861,BAT_38FD4BE54614,payment,PAY_C89AE5A9221B,,43400.55,781.21,140.62,42478.72,2026-09-08
SET_7E70192A62BE,BAT_19ED03A65407,payment,PAY_23FE322934EB,,14353.17,287.06,51.67,14014.44,2026-09-08
SET_7FB77B1770A9,BAT_1CE6311F0D6E,payment,PAY_7C85CED02020,,4713.76,0.00,0.00,4713.76,2026-09-08
SET_8025856331DE,BAT_1CE6311F0D6E,payment,PAY_61073483689B,,6579.58,154.62,27.83,6397.13,2026-09-08
SET_807612FA0FAC,BAT_19ED03A65407,payment,PAY_534C72A55960,,429.92,0.00,0.00,429.92,2026-09-08
SET_80D756564D09,BAT_1CE6311F0D6E,payment,PAY_742345BE6D6D,,3319.40,0.00,0.00,3319.40,2026-09-08
SET_8100C45772C7,BAT_38FD4BE54614,payment,PAY_0D321D483DAB,,40364.97,0.00,0.00,40364.97,2026-09-08
SET_8136D0313C1E,BAT_38FD4BE54614,payment,PAY_1CAA9A0E2753,,43967.31,791.41,142.45,43033.45,2026-09-08
SET_818079BA4D99,BAT_38FD4BE54614,payment,PAY_080B00A19F41,,52030.37,832.49,149.85,51048.03,2026-09-08
SET_81F067B84161,BAT_38FD4BE54614,payment,PAY_C4649D2F9112,,4343.63,84.70,15.25,4243.68,2026-09-08
SET_825ECA2D0426,BAT_19ED03A65407,payment,PAY_4AC9FF8034B6,,19158.68,335.28,60.35,18763.05,2026-09-08
SET_8264D817B013,BAT_1CE6311F0D6E,payment,PAY_1D6841DA0B1C,,88.86,2.09,0.38,86.39,2026-09-08
SET_828EE3DDC7FA,BAT_1CE6311F0D6E,refund,PAY_6A71CE61BA35,RFD_AF72B6CBD43E,0.00,0.00,0.00,-1502.45,2026-09-08
SET_82A017B8602A,BAT_38FD4BE54614,payment,PAY_34651A015131,,6190.50,111.43,20.06,6059.01,2026-09-08
SET_82C6FDD6B659,BAT_38FD4BE54614,payment,PAY_97A272D6B242,,31236.70,562.26,101.21,30573.23,2026-09-08
SET_82FBB9C0C7B2,BAT_19ED03A65407,payment,PAY_141C26C8FED9,,17854.10,0.00,0.00,17854.10,2026-09-08
SET_830177292AFB,BAT_38FD4BE54614,payment,PAY_895A6C1F3257,,13025.93,234.47,42.20,12749.26,2026-09-08
SET_835BF860F2CE,BAT_1CE6311F0D6E,payment,PAY_C343781CD56C,,5528.74,0.00,0.00,5528.74,2026-09-08
SET_83BCA9E957A7,BAT_38FD4BE54614,payment,PAY_386B635DF510,,9806.86,0.00,0.00,9806.86,2026-09-08
SET_8435889A9DDC,BAT_1CE6311F0D6E,payment,PAY_9AA3662643F5,,1774.46,35.49,6.39,1732.58,2026-09-08
SET_8487E86BD73F,BAT_38FD4BE54614,payment,PAY_366A9693C087,,14465.90,260.39,46.87,14158.64,2026-09-08
SET_84A262D35860,BAT_1CE6311F0D6E,payment,PAY_F1B42D03B037,,6105.49,0.00,0.00,6105.49,2026-09-08
SET_84C5519B798E,BAT_38FD4BE54614,payment,PAY_E5BE345C19D5,,32526.22,520.42,93.68,31912.12,2026-09-08
SET_85A3EB41BD49,BAT_19ED03A65407,payment,PAY_27A4768CDB17,,931.95,18.64,3.36,909.95,2026-09-08
SET_85AAF2838E19,BAT_38FD4BE54614,payment,PAY_2293A3D6695E,,39313.46,707.64,127.38,38478.44,2026-09-08
SET_865C53415A0F,BAT_1CE6311F0D6E,payment,PAY_BE8FD2234AEA,,420.58,9.88,1.78,408.92,2026-09-08
SET_8678E82ED9F9,BAT_1CE6311F0D6E,payment,PAY_05E6B40F2941,,4425.89,0.00,0.00,4425.89,2026-09-08
SET_867B92540DBA,BAT_38FD4BE54614,payment,PAY_3208D5382AB4,,10283.43,185.10,33.32,10065.01,2026-09-08
SET_86B48B214E2B,BAT_19ED03A65407,payment,PAY_0F2A47F9778B,,4661.08,0.00,0.00,4661.08,2026-09-08
SET_8735BB6AB7E5,BAT_19ED03A65407,payment,PAY_9C89E5DD5470,,7128.62,0.00,0.00, 7128.62 ,2026-09-08
SET_875DB7432ABD,BAT_19ED03A65407,payment,PAY_7D1EBA24F91F,,11022.21,220.44,39.68,10762.09,2026-09-08
SET_8780A40C1A09,BAT_19ED03A65407,payment,PAY_C18CE344F6F3,,22081.07,0.00,0.00,22081.07,2026-09-08
SET_87D58B2D813A,BAT_19ED03A65407,payment,PAY_AF421D4C0253,,22443.86,0.00,0.00,22443.86,2026-09-08
SET_87F1679839CB,BAT_38FD4BE54614,payment,PAY_5976C93EFF48,,10750.04,193.50,34.83,10521.71,2026-09-08
SET_88000A6A1F6C,BAT_1CE6311F0D6E,payment,PAY_354474D67997,,7569.52,0.00,0.00,7569.52,2026-09-08
SET_88391FE904C6,BAT_1CE6311F0D6E,payment,PAY_00514EB50A90,,1664.22,0.00,0.00,1664.22,2026-09-08
SET_891C6F6C5792,BAT_19ED03A65407,payment,PAY_D53EBDC8A4FE,,20017.55,400.35,72.06,19545.14,2026-09-08
SET_8976FC7938D0,BAT_1CE6311F0D6E,payment,PAY_67D7AB22E7FE,,7091.67,166.65,30.00,6895.02,2026-09-08
SET_89DBEDB9D622,BAT_1CE6311F0D6E,payment,PAY_CE8ADFA452DF,,2346.68,0.00,0.00,2346.68,2026-09-08
SET_89FD50BF8FC8,BAT_38FD4BE54614,payment,PAY_8BDE8002774A,,35879.53,645.83,116.25,35117.45,2026-09-08
SET_8A3DE9CFD802,BAT_1CE6311F0D6E,payment,PAY_2F50ADE03FB1,,7934.73,0.00,0.00,7934.73,2026-09-08
SET_8A95F00E2834,BAT_1CE6311F0D6E,payment,PAY_BBBF8C568B00,,7146.66,142.93,25.73,6978.00,2026-09-08
SET_8ABC3E04D995,BAT_1CE6311F0D6E,payment,PAY_3618E886A41E,,4635.39,108.93,19.61,4506.85,2026-09-08
SET_8B0E9B226207,BAT_19ED03A65407,payment,PAY_53C2DF9AF626,,11956.32,239.13,43.04,11674.15,2026-09-08
SET_8B1980995195,BAT_1CE6311F0D6E,payment,PAY_FDF538352772,,6640.37,0.00,0.00,6640.37,2026-09-08
SET_8B3723F4B1C2,BAT_19ED03A65407,payment,PAY_360CAD3DD0C1,,10963.09,219.26,39.47,10704.36,2026-09-08
SET_8BAF22FAA183,BAT_38FD4BE54614,payment,PAY_91801290A6C9,,14605.94,262.91,47.32,14295.71,2026-09-08
SET_8C08FEBC55D9,BAT_19ED03A65407,payment,PAY_485255C55701,,7927.69,138.73,24.97,7763.99,2026-09-08
SET_8C2642846D7D,BAT_38FD4BE54614,payment,PAY_4BE3C123D8D2,,31417.84,0.00,0.00,31417.84,2026-09-08
SET_8C2FD35BF18B,BAT_1CE6311F0D6E,payment,PAY_55D6C89E2F82,,7855.41,0.00,0.00,7855.41,2026-09-08
SET_8C53B7AA1DA6,BAT_19ED03A65407,payment,PAY_BBF0CD805F7A,,7985.31,0.00,0.00,7985.31,2026-09-08
SET_8CA88D756A22,BAT_38FD4BE54614,payment,PAY_3038D9EF686F,,37715.86,678.89,122.20,36914.77,2026-09-08
SET_8CB2466B5AE7,BAT_19ED03A65407,payment,PAY_E02EAFA07684,,17678.03,0.00,0.00,17678.03,2026-09-08
SET_8CB867B32C8A,BAT_38FD4BE54614,payment,PAY_756EBD590C6F,,53866.66,861.87,155.14,52849.65,2026-09-08
SET_8CC3B8F96DC0,BAT_19ED03A65407,refund,PAY_7DB7431D88CB,RFD_2A24247E2FDB,0.00,0.00,0.00,-16441.93,2026-09-08
SET_8CDA1CE8AC73,BAT_19ED03A65407,payment,PAY_2B9BEF49F736,,20087.51,0.00,0.00,20087.51,2026-09-08
SET_8D4407912C59,BAT_19ED03A65407,payment,PAY_FD583A872212,,5335.59,106.71,19.21,"5,209.67",2026-09-08
SET_8D7E9F327BCE,BAT_1CE6311F0D6E,payment,PAY_63498CA5DCF9,,3324.10,0.00,0.00,"3,324.10",2026-09-08
SET_8D889A413CE1,BAT_19ED03A65407,payment,PAY_FFB5AD302155,,1345.10,26.90,4.84,1313.36,2026-09-08
SET_8DE09C3641BC,BAT_19ED03A65407,payment,PAY_ED33166CF08A,,8735.74,174.71,31.45, 8529.58 ,2026-09-08
SET_8E209B021BC0,BAT_38FD4BE54614,payment,PAY_A5C2364C6569,,54619.91,983.16,176.97,53459.78,2026-09-08
SET_8EA08539C588,BAT_19ED03A65407,payment,PAY_4D484E72111A,,23358.26,467.17,84.09,22807.00,2026-09-08
SET_8EA55AD1EF07,BAT_38FD4BE54614,payment,PAY_462E4D731F8F,,28116.01,506.09,91.10,27518.82,2026-09-08
SET_8EC0B69D0E0D,BAT_19ED03A65407,payment,PAY_093AEDEA463E,,2607.15,52.14,9.39,2545.62,2026-09-08
SET_8EDD55FF0DD9,BAT_38FD4BE54614,payment,PAY_D73F5B1D3820,,10639.01,191.50,34.47,10413.04,2026-09-08
SET_8F03BBA99F37,BAT_19ED03A65407,payment,PAY_9DE64A7A70CC,,24019.12,0.00,0.00,24019.12,2026-09-08
SET_8F40AA7F9EA8,BAT_1CE6311F0D6E,payment,PAY_B09379C8E250,,6600.22,0.00,0.00,6600.22,2026-09-08
SET_8F465868A8EC,BAT_1CE6311F0D6E,payment,PAY_51AEF51B6764,,7362.57,0.00,0.00,7362.57,2026-09-08
SET_8F4AF1AD2636,BAT_19ED03A65407,payment,PAY_45ACD2B0539E,,9572.70,191.45,34.46,9346.79,2026-09-08
SET_8FD93BA9A4A2,BAT_19ED03A65407,payment,PAY_40E1E3DC498A,,136.39,2.86,0.51,133.02,2026-09-08
SET_904BD8914258,BAT_1CE6311F0D6E,payment,PAY_C30D2BD5E414,,4705.54,0.00,0.00,4705.54,2026-09-08
SET_9078BDDE1ED3,BAT_1CE6311F0D6E,payment,PAY_A33A5C049356,,2275.00,0.00,0.00,2275.00,2026-09-08
SET_90B6AEC3FAAF,BAT_19ED03A65407,payment,PAY_DF69B8CC0C25,,19916.05,0.00,0.00,19916.05,2026-09-08
SET_91319A1BB796,BAT_1CE6311F0D6E,payment,PAY_09F307E7195B,,1690.00,32.11,5.78,1652.11,2026-09-08
SET_916F5EAF7CC8,BAT_38FD4BE54614,payment,PAY_C461565CD688,,25500.09,459.00,82.62,24958.47,2026-09-08
SET_91B25B7DFB4B,BAT_38FD4BE54614,payment,PAY_E7D8D64B770C,,15354.39,0.00,0.00,15354.39,2026-09-08
SET_91CA13AA2507,BAT_19ED03A65407,refund,PAY_480F5A7B73FD,RFD_2C9B3CD31238,0.00,0.00,0.00,-479.74,2026-09-08
SET_923F1166932C,BAT_1CE6311F0D6E,payment,PAY_70A4EBEFFA9D,,1298.23,0.00,0.00,1298.23,2026-09-08
SET_9244D65E1C21,BAT_1CE6311F0D6E,payment,PAY_CAE00FAEB2B8,,7311.20,171.81,30.93,7108.46,2026-09-08
SET_92E05DB9AC44,BAT_1CE6311F0D6E,payment,PAY_23D34A01E40E,,2791.25,0.00,0.00,2791.25,2026-09-08
SET_930D6CB31411,BAT_38FD4BE54614,payment,PAY_5A73E693F9A2,,52045.93,1014.90,182.68,50848.35,2026-09-08
SET_93F4EBDE88B9,BAT_1CE6311F0D6E,payment,PAY_93E54F0520F4,,7429.99,0.00,0.00,7429.99,2026-09-08
SET_93FDEEAC37C9,BAT_19ED03A65407,payment,PAY_706D2D1F9CB5,,17420.28,0.00,0.00,17420.28,2026-09-08
SET_9408B0F24CAA,BAT_19ED03A65407,payment,PAY_D7B50787F061,,10995.50,219.91,39.58,10736.01,2026-09-08
SET_94A3CE54186B,BAT_19ED03A65407,payment,PAY_B65BFE0A886C,,11886.02,0.00,0.00,11886.02,2026-09-08
SET_94BA73A11824,BAT_38FD4BE54614,payment,PAY_42E76D1CFEC0,,32681.20,588.26,105.89, 31987.05 ,2026-09-08
SET_94D55C002F91,BAT_1CE6311F0D6E,payment,PAY_02F01B9D97FF,,965.51,22.69,4.08,938.74,2026-09-08
SET_94D5E3CC9C94,BAT_1CE6311F0D6E,payment,PAY_0EFB8014C3E2,,3148.54,73.99,13.32,3061.23,2026-09-08
SET_950FE1ED92A4,BAT_38FD4BE54614,payment,PAY_8D094EB384DA,,5691.28,91.06,16.39, 5583.83 ,2026-09-08
SET_952FFEECCDEC,BAT_19ED03A65407,payment,PAY_8816E19134F9,,22775.75,0.00,0.00,22775.75,2026-09-08
SET_9601D67717E6,BAT_38FD4BE54614,payment,PAY_580EF28645A0,,24083.26,385.33,69.36,23628.57,2026-09-08
SET_963E3DFDB588,BAT_1CE6311F0D6E,payment,PAY_A75E076BD1AC,,878.33,20.64,3.72,853.97,2026-09-08
SET_966B15B68543,BAT_38FD4BE54614,payment,PAY_2C7E0856A145,,15363.49,0.00,0.00,15363.49,2026-09-08
SET_966F7BAC20A2,BAT_38FD4BE54614,payment,PAY_6A9D695221DD,,55779.60,892.47,160.64,54726.49,2026-09-08
SET_97EAE65C0835,BAT_38FD4BE54614,payment,PAY_39880F72A982,,14239.39,256.31,46.14, 13936.94 ,2026-09-08
SET_9801148017F3,BAT_38FD4BE54614,payment,PAY_8B0CCCBC206C,,41762.43,0.00,0.00, 41762.43 ,2026-09-08
SET_98FCD7F7FBD7,BAT_1CE6311F0D6E,payment,PAY_FBC0BB135D89,,2374.84,0.00,0.00,2374.84,2026-09-08
SET_991FF4CF5ADB,BAT_1CE6311F0D6E,payment,PAY_8FED69467207,,3948.44,0.00,0.00,3948.44,2026-09-08
SET_99339082E7D3,BAT_38FD4BE54614,payment,PAY_847AAC8468EB,,26863.74,483.55,87.04,26293.15,2026-09-08
SET_9979BDF3970E,BAT_19ED03A65407,payment,PAY_A3E3FBEB61C7,,9686.78,0.00,0.00,9686.78,2026-09-08
SET_99A1CA083D66,BAT_1CE6311F0D6E,payment,PAY_8420BDA1600B,,4276.92,0.00,0.00,4276.92,2026-09-08
SET_99B939F4526A,BAT_19ED03A65407,payment,PAY_B6A7EC2BEE02,,3860.10,77.20,13.90,3769.00,2026-09-08
SET_99E78D5F1C21,BAT_19ED03A65407,payment,PAY_5D8F88C9314C,,17849.28,312.36,56.22,17480.70,2026-09-08
SET_9A0AE4F8AF2B,BAT_1CE6311F0D6E,payment,PAY_3DD402EF17C1,,298.92,7.02,1.26,290.64,2026-09-08
SET_9A1217ECEFFC,BAT_19ED03A65407,payment,PAY_C5915A89E764,,13843.92,276.88,49.84,13517.20,2026-09-08
SET_9A41A7CE85EC,BAT_38FD4BE54614,payment,PAY_CDA5E9C3BBCE,,27355.23,492.39,88.63,"26,774.21",2026-09-08
SET_9A4627541F0C,BAT_19ED03A65407,refund,PAY_1C4322554B39,RFD_EA4BCBEC03E4,0.00,0.00,0.00,-3053.74,2026-09-08
SET_9A7F4FCE1726,BAT_38FD4BE54614,payment,PAY_1342E0023954,,35363.87,0.00,0.00,35363.87,2026-09-08
SET_9A96CB64D3F7,BAT_38FD4BE54614,payment,PAY_6310CFB60E27,,41115.25,740.07,133.21,40241.97,2026-09-08
SET_9ABDDF03C569,BAT_38FD4BE54614,refund,PAY_99F7C21FE7AF,RFD_9C45EDE38D0F,0.00,0.00,0.00,-14795.35,2026-09-08
SET_9BF8F6C372B4,BAT_19ED03A65407,payment,PAY_E7E5B8E5EE55,,17332.76,346.66,62.40,16923.70,2026-09-08
SET_9C523ADFFF64,BAT_38FD4BE54614,payment,PAY_EF6716425C9C,,16009.68,288.17,51.87,15669.64,2026-09-08
SET_9C539E32DD1A,BAT_1CE6311F0D6E,payment,PAY_F311058F4BDA,,1423.48,0.00,0.00,1423.48,2026-09-08
SET_9C6848A35B3F,BAT_1CE6311F0D6E,payment,PAY_45790606DA44,,4250.80,99.89,17.98,4132.93,2026-09-08
SET_9C92BE20A257,BAT_38FD4BE54614,payment,PAY_E6C9D22B6304,,58656.79,1055.82,190.05,57410.92,2026-09-08
SET_9CF83D12C20E,BAT_1CE6311F0D6E,payment,PAY_57824227F3C3,,3298.24,0.00,0.00,3298.24,2026-09-08
SET_9D29B8335B3B,BAT_19ED03A65407,payment,PAY_86B75A04F3FF,,13172.25,0.00,0.00,13172.25,2026-09-08
SET_9D7491D15A32,BAT_19ED03A65407,payment,PAY_5BEB7F0BDBF7,,13435.85,0.00,0.00,13435.85,2026-09-08
SET_9D7A0558B4DE,BAT_19ED03A65407,payment,PAY_74941DD6C556,,10614.96,0.00,0.00,10614.96,2026-09-08
SET_9DC687621C45,BAT_38FD4BE54614,payment,PAY_9B472F8360D3,,19935.91,0.00,0.00,19935.91,2026-09-08
SET_9DD611A226A5,BAT_19ED03A65407,payment,PAY_98CBFF496C36,,9900.46,198.01,35.64,9666.81,2026-09-08
SET_9DEE785A7B77,BAT_19ED03A65407,payment,PAY_76189F64A469,,7828.55,156.57,28.18,7643.80,2026-09-08
SET_9E0C0C0BDC61,BAT_38FD4BE54614,payment,PAY_9D53D823145F,,36075.40,649.36,116.88,35309.16,2026-09-08
SET_9F14B4C0DB02,BAT_38FD4BE54614,payment,PAY_0B8E170C6CBA,,5586.17,100.55,18.10,5467.52,2026-09-08
SET_9F63FC5182EA,BAT_38FD4BE54614,refund,PAY_941E058DC35A,RFD_14E0FBB39DD8,0.00,0.00,0.00,-26000.02,2026-09-08
SET_9F854BEC9330,BAT_1CE6311F0D6E,payment,PAY_CD686956CC62,,2370.33,0.00,0.00,2370.33,2026-09-08
SET_9F8C08AA2409,BAT_38FD4BE54614,refund,PAY_C6FAE150F2AA,RFD_79EF92BF15E6,0.00,0.00,0.00,-7599.58,2026-09-08
SET_9F942E5FE256,BAT_38FD4BE54614,payment,PAY_B834D9AB9DE7,,17764.17,319.76,57.56,17386.85,2026-09-08
SET_9F9E2C35F10E,BAT_1CE6311F0D6E,payment,PAY_9390BF8CE743,,4147.76,0.00,0.00,4147.76,2026-09-08
SET_9FC585F1D50E,BAT_38FD4BE54614,payment,PAY_4ACC286B1CE0,,8238.37,148.29,26.69,8063.39,2026-09-08
SET_9FF2EFD41CD7,BAT_38FD4BE54614,payment,PAY_0898BB1646F3,,57383.77,1032.91,185.92,56164.94,2026-09-08
SET_A0954EAC02C0,BAT_19ED03A65407,payment,PAY_DC1D56CE8616,,1068.93,21.38,3.85,1043.70,2026-09-08
SET_A09A11376177,BAT_1CE6311F0D6E,payment,PAY_8C4701A35C45,,6914.78,162.50,29.25,6723.03,2026-09-08
SET_A1599B1B48A1,BAT_19ED03A65407,payment,PAY_201D20645C78,,17718.68,310.08,55.81,17352.79,2026-09-08
SET_A17BB79B9240,BAT_38FD4BE54614,payment,PAY_18745DBC414E,,32545.40,585.82,105.45,31854.13,2026-09-08
SET_A192C0A57F52,BAT_1CE6311F0D6E,payment,PAY_274FFAF27230,,1249.96,0.00,0.00,1249.96,2026-09-08
SET_A195C6949DB8,BAT_1CE6311F0D6E,payment,PAY_7F9DBDBCEC7E,,3380.48,0.00,0.00,3380.48,2026-09-08
SET_A213C6D1021A,BAT_19ED03A65407,payment,PAY_94B2E779C994,,6227.36,124.55,22.42,6080.39,2026-09-08
SET_A28B9795CDC8,BAT_19ED03A65407,payment,PAY_4455F9DF00FD,,2883.64,57.67,10.38,2815.59,2026-09-08
SET_A2CBDD587D61,BAT_38FD4BE54614,payment,PAY_CF6BEDB502D0,,17439.26,313.91,56.50,17068.85,2026-09-08
SET_A32342EF95A3,BAT_38FD4BE54614,payment,PAY_3885BA801C53,,2391.51,43.05,7.75,2340.71,2026-09-08
SET_A375B6BCEFA0,BAT_1CE6311F0D6E,payment,PAY_3F61E4B8D5E1,,4199.00,0.00,0.00,4199.00,2026-09-08
SET_A3B999DBC6A1,BAT_1CE6311F0D6E,payment,PAY_9C42C9EAC859,,4345.93,0.00,0.00,4345.93,2026-09-08
SET_A3E63BFF2B80,BAT_1CE6311F0D6E,payment,PAY_3E24FFE1287C,,6218.54,146.14,26.31,6046.09,2026-09-08
SET_A474826100C1,BAT_1CE6311F0D6E,payment,PAY_F82760F3B46C,,7237.40,0.00,0.00, 7237.40 ,2026-09-08
SET_A55005247197,BAT_19ED03A65407,payment,PAY_3145B9384774,,22131.18,442.62,79.67,21608.89,2026-09-08
SET_A55715232C8B,BAT_19ED03A65407,payment,PAY_1042950C0097,,15167.81,303.36,54.60,14809.85,2026-09-08
SET_A57DC51FEC21,BAT_38FD4BE54614,payment,PAY_60C94EB67B1B,,38168.18,687.03,123.67,37357.48,2026-09-08
SET_A61E7F223EF5,BAT_1CE6311F0D6E,payment,PAY_053D0E21BF87,,552.77,12.99,2.34,537.44,2026-09-08
SET_A61EC7C744B6,BAT_1CE6311F0D6E,payment,PAY_7A87C10C487C,,1801.30,0.00,0.00,1801.30,2026-09-08
SET_A6526E43D93C,BAT_19ED03A65407,payment,PAY_B7ABE605A8A1,,9415.24,0.00,0.00,9415.24,2026-09-08
SET_A67702E120BB,BAT_19ED03A65407,payment,PAY_79F0C6E001A2,,11023.77,220.48,39.69,10763.60,2026-09-08
SET_A6BE12631BFC,BAT_38FD4BE54614,payment,PAY_AD39CB96DD83,,56816.00,1107.91,199.42,55508.67,2026-09-08
SET_A6E34333300B,BAT_19ED03A65407,payment,PAY_E62A8557816D,,2188.04,43.76,7.88,2136.40,2026-09-08
SET_A7643AA55ADC,BAT_19ED03A65407,payment,PAY_EE85B2EA6C17,,21585.82,0.00,0.00,21585.82,2026-09-08
SET_A7C968521AA2,BAT_1CE6311F0D6E,payment,PAY_A9F893934765,,2491.64,58.55,10.54,2422.55,2026-09-08
SET_A8631266EC86,BAT_38FD4BE54614,payment,PAY_A498D43E71F5,,27417.39,493.51,88.83,26835.05,2026-09-08
SET_A8732419F3EF,BAT_38FD4BE54614,payment,PAY_48F88A3D4F66,,3518.31,63.33,11.40,3443.58,2026-09-08
SET_A894857F18E9,BAT_19ED03A65407,payment,PAY_7984DDCFFD27,,20680.58,361.91,65.14,20253.53,2026-09-08
SET_A89FE907D9DF,BAT_38FD4BE54614,payment,PAY_B499CA497918,,48081.12,0.00,0.00,48081.12,2026-09-08
SET_A9CA133C66D0,BAT_1CE6311F0D6E,payment,PAY_2C2110A92CCE,,554.77,0.00,0.00,554.77,2026-09-08
SET_AA0340B008BD,BAT_19ED03A65407,payment,PAY_9C2FACB6306F,,23283.08,465.66,83.82, 22733.60 ,2026-09-08
SET_AA5111989A45,BAT_38FD4BE54614,payment,PAY_C44556D737D0,,32424.80,583.65,105.06,31736.09,2026-09-08
SET_AAC4FBEB4CA9,BAT_1CE6311F0D6E,payment,PAY_7616534A0C72,,7619.84,179.07,32.23,7408.54,2026-09-08
SET_AAD01319289F,BAT_19ED03A65407,refund,PAY_E3AF4396C896,RFD_4B0EA7B2CCC5,0.00,0.00,0.00,-4019.10,2026-09-08
SET_AB3A31AEC239,BAT_38FD4BE54614,payment,PAY_A9BFF0296ECF,,46811.04,842.60,151.67,45816.77,2026-09-08
SET_AB4C6FC934C4,BAT_19ED03A65407,payment,PAY_0246EE9CCFB7,,17140.98,0.00,0.00,17140.98,2026-09-08
SET_ABEE87ED7727,BAT_38FD4BE54614,payment,PAY_44753FCA253E,,25598.85,460.78,82.94,25055.13,2026-09-08
SET_AC11F7573A19,BAT_19ED03A65407,payment,PAY_0E1BA4B2D677,,17130.24,342.60,61.67,16725.97,2026-09-08
SET_AC2776F0E0F6,BAT_38FD4BE54614,payment,PAY_7CA414A18848,,26335.13,421.36,75.84,25837.93,2026-09-08
SET_ACF34D167919,BAT_1CE6311F0D6E,payment,PAY_1960AEDA7A25,,6101.26,0.00,0.00,6101.26,2026-09-08
SET_AD20A76672D7,BAT_38FD4BE54614,payment,PAY_CB80336F92AE,,30800.54,492.81,88.71,30219.02,2026-09-08
SET_AD410A86576A,BAT_19ED03A65407,payment,PAY_C4D27BDFB8BA,,22538.29,450.77,81.14,22006.38,2026-09-08
SET_AD4AC2150C47,BAT_19ED03A65407,payment,PAY_3D1C1BA191AF,,13190.81,277.01,49.86,12863.94,2026-09-08
SET_AD64DC8F1057,BAT_38FD4BE54614,payment,PAY_12F3C662D4F6,,21724.22,391.04,70.39,21262.79,2026-09-08
SET_AD89E08403CF,BAT_19ED03A65407,refund,PAY_CE7889790890,RFD_C332334883FF,0.00,0.00,0.00,-7261.07,2026-09-08
SET_AD98688D9DD9,BAT_1CE6311F0D6E,payment,PAY_5A9FA426D0D7,,2133.01,0.00,0.00,2133.01,2026-09-08
SET_ADC36D9731D0,BAT_38FD4BE54614,payment,PAY_03CFB1C14722,,32997.28,593.95,106.91,32296.42,2026-09-08
SET_ADF181127FF4,BAT_1CE6311F0D6E,payment,PAY_7C488DCDB192,,2767.42,55.35,9.96,2702.11,2026-09-08
SET_AE17A2068AE7,BAT_19ED03A65407,payment,PAY_DA229A6499A5,,14520.69,290.41,52.27,14178.01,2026-09-08
SET_AF04756DF70E,BAT_38FD4BE54614,payment,PAY_58094720531D,,15857.62,0.00,0.00,15857.62,2026-09-08
SET_AF2A18098708,BAT_19ED03A65407,payment,PAY_37A5DE9C01E2,,2756.74,0.00,0.00,2756.74,2026-09-08
SET_AFAD6E2AC534,BAT_1CE6311F0D6E,payment,PAY_9A4D2D6EE5F7,,2752.24,0.00,0.00,2752.24,2026-09-08
SET_AFD0C75D6A16,BAT_38FD4BE54614,payment,PAY_DB9104F30A22,,35245.09,634.41,114.19,34496.49,2026-09-08
SET_B04F034FDD42,BAT_38FD4BE54614,payment,PAY_92D36EFF05F7,,10884.55,0.00,0.00,10884.55,2026-09-08
SET_B062F1F76C28,BAT_1CE6311F0D6E,payment,PAY_6092D37E3B26,,3425.08,0.00,0.00,3425.08,2026-09-08
SET_B092DF604697,BAT_1CE6311F0D6E,payment,PAY_FC2D6BBEEB29,,4384.77,103.04,18.55,4263.18,2026-09-08
SET_B0FB72547280,BAT_19ED03A65407,payment,PAY_283B436ACD05,,16568.28,331.37,59.65,16177.26,2026-09-08
SET_B1244F558676,BAT_1CE6311F0D6E,payment,PAY_93F63E572370,,6719.01,127.66,22.98,6568.37,2026-09-08
SET_B191B75FAC4E,BAT_1CE6311F0D6E,payment,PAY_CC4EFC07B785,,1170.59,0.00,0.00,1170.59,2026-09-08
SET_B1A246BC043D,BAT_38FD4BE54614,payment,PAY_BA72FBB3E1B2,,23461.70,375.39,67.57,23018.74,2026-09-08
SET_B2343E9299A8,BAT_1CE6311F0D6E,payment,PAY_B476C76FE621,,1720.68,0.00,0.00,1720.68,2026-09-08
SET_B24425B0E123,BAT_1CE6311F0D6E,payment,PAY_B87E9F9077E0,,5891.39,138.45,24.92,5728.02,2026-09-08
SET_B259378024C9,BAT_38FD4BE54614,payment,PAY_E929236FC9D5,,11480.74,206.65,37.20,11236.89,2026-09-08
SET_B25F86F28789,BAT_1CE6311F0D6E,payment,PAY_3FDADD594BEB,,6148.10,0.00,0.00,6148.10,2026-09-08
SET_B2987BDDEFF0,BAT_19ED03A65407,payment,PAY_CE0E28BDB55F,,17876.30,375.40,67.57,17433.33,2026-09-08
SET_B2A416F7788C,BAT_1CE6311F0D6E,payment,PAY_53E6CA0803CD,,7278.18,0.00,0.00,7278.18,2026-09-08
SET_B2F803BB9B7B,BAT_38FD4BE54614,payment,PAY_B56B9D42D9C3,,8626.10,155.27,27.95,8442.88,2026-09-08
SET_B351432B3463,BAT_1CE6311F0D6E,payment,PAY_8896E713CC66,,7328.35,0.00,0.00,7328.35,2026-09-08
SET_B3796F1CAB35,BAT_1CE6311F0D6E,payment,PAY_8E9BA4FDC146,,2050.79,0.00,0.00,2050.79,2026-09-08
SET_B3D09D173AFF,BAT_38FD4BE54614,payment,PAY_E599AFD13A1F,,40806.07,652.90,117.52,40035.65,2026-09-08
SET_B3DD9C4DC7C5,BAT_38FD4BE54614,payment,PAY_1926DA042352,,23942.66,0.00,0.00,23942.66,2026-09-08
SET_B3E20B44D185,BAT_19ED03A65407,payment,PAY_695D8AD5FDC9,,9268.48,185.37,33.37,9049.74,2026-09-08
SET_B43DF65C8DAF,BAT_19ED03A65407,payment,PAY_46AB93A2B18C,,11241.11,0.00,0.00,11241.11,2026-09-08
SET_B4449A0228B0,BAT_19ED03A65407,payment,PAY_B733AAB438FE,,15669.11,0.00,0.00,15669.11,2026-09-08
SET_B50DC70A1410,BAT_1CE6311F0D6E,payment,PAY_B921BBF6B31F,,2180.79,41.44,7.46,2131.89,2026-09-08
SET_B556C45E73AE,BAT_38FD4BE54614,payment,PAY_2F40F5C3A57B,,12997.56,0.00,0.00,12997.56,2026-09-08
SET_B57F4CED1C28,BAT_19ED03A65407,refund,PAY_158AD19E9E7B,RFD_086341F7FB78,0.00,0.00,0.00,-24548.72,2026-09-08
SET_B5EE09B48935,BAT_38FD4BE54614,payment,PAY_D42D5E2B1597,,56999.43,1111.49,200.07,55687.87,2026-09-08
SET_B5F48B02FE04,BAT_19ED03A65407,payment,PAY_B01847B20994,,3956.99,0.00,0.00,3956.99,2026-09-08
SET_B608D11CC420,BAT_19ED03A65407,payment,PAY_52A922872AFE,,21432.80,428.66,77.16,20926.98,2026-09-08
SET_B66E4C624B17,BAT_19ED03A65407,refund,PAY_5B4C1F8CF8E9,RFD_C9A416A6307B,0.00,0.00,0.00,-9364.82,2026-09-08
SET_B6B87E542E89,BAT_19ED03A65407,payment,PAY_205F17B6928A,,17874.67,312.81,56.31,"17,505.55",2026-09-08
SET_B71F15DF1010,BAT_19ED03A65407,payment,PAY_7659DA8A6DEE,,14228.01,284.56,51.22,13892.23,2026-09-08
SET_B74045687B70,BAT_19ED03A65407,payment,PAY_78C0D3E1F3BA,,885.16,0.00,0.00,885.16,2026-09-08
SET_B7507F441DDF,BAT_38FD4BE54614,payment,PAY_B299EC07265F,,42344.66,677.51,121.95,41545.20,2026-09-08
SET_B75544E49639,BAT_38FD4BE54614,payment,PAY_65C9C9739297,,26787.57,522.36,94.02,26171.19,2026-09-08
SET_B75661613377,BAT_38FD4BE54614,payment,PAY_436AB42E45A8,,18703.11,299.25,53.87,18349.99,2026-09-08
SET_B7A8EB1F8FBE,BAT_19ED03A65407,payment,PAY_639970E52C4D,,23925.71,418.70,75.37,23431.64,2026-09-08
SET_B7B5E19B2066,BAT_38FD4BE54614,payment,PAY_57214345D518,,37155.05,0.00,0.00,37155.05,2026-09-08
SET_B7E7D06837AE,BAT_19ED03A65407,payment,PAY_1005A806C666,,10004.00,200.08,36.01,9767.91,2026-09-08
SET_B80CE7257612,BAT_19ED03A65407,payment,PAY_AD52E5430DAE,,8220.78,0.00,0.00,8220.78,2026-09-08
SET_B889809537C6,BAT_1CE6311F0D6E,payment,PAY_AD2ABBFEDE9F,,1978.46,37.59,6.77,1934.10,2026-09-08
SET_B8AFC4558A61,BAT_38FD4BE54614,payment,PAY_51CD5DE76515,,40402.66,0.00,0.00,40402.66,2026-09-08
SET_B8B4B27FDE01,BAT_38FD4BE54614,payment,PAY_A3F5FB19B1EF,,29980.99,539.66,97.14,29344.19,2026-09-08
SET_B8C48104A6C0,BAT_1CE6311F0D6E,payment,PAY_24CD1CE44031,,1447.26,0.00,0.00,1447.26,2026-09-08
SET_B900FAA39159,BAT_19ED03A65407,payment,PAY_110961C3743E,,14994.35,299.89,53.98,14640.48,2026-09-08
SET_B9C3B24CD8CC,BAT_38FD4BE54614,payment,PAY_2BC7CE0923F7,,53781.91,968.07,174.25,52639.59,2026-09-08
SET_B9C3FDB68F88,BAT_19ED03A65407,payment,PAY_DC1DF1AD7B2A,,5882.48,123.53,22.24,5736.71,2026-09-08
SET_B9CF1149E6BD,BAT_1CE6311F0D6E,payment,PAY_FC3B7CF0075C,,7432.34,0.00,0.00,7432.34,2026-09-08
SET_BA189841CB6E,BAT_19ED03A65407,payment,PAY_CD0DDDA7AE91,,10466.37,209.33,37.68,10219.36,2026-09-08
SET_BA42DFD7D4C8,BAT_19ED03A65407,payment,PAY_E917D1A4570B,,14763.46,295.27,53.15,14415.04,2026-09-08
SET_BA8785D7644C,BAT_1CE6311F0D6E,payment,PAY_8B321C58098B,,1360.35,0.00,0.00,1360.35,2026-09-08
SET_BB4A7C0D4492,BAT_1CE6311F0D6E,payment,PAY_767C158C54A4,,2562.82,51.26,9.23,2502.33,2026-09-08
SET_BBD2F589D787,BAT_1CE6311F0D6E,payment,PAY_91EE7C9E1AC3,,4626.05,108.71,19.57,4497.77,2026-09-08
SET_BC27ADC8B59C,BAT_19ED03A65407,payment,PAY_376213D885C1,,8432.56,168.65,30.36,8233.55,2026-09-08
SET_BC7AD46BE1B4,BAT_1CE6311F0D6E,payment,PAY_6C0F07F7B898,,7713.89,0.00,0.00,7713.89,2026-09-08
SET_BCBABF97A0B6,BAT_1CE6311F0D6E,refund,PAY_A58B7F9AEE03,RFD_71670210CBBC,0.00,0.00,0.00,-3441.05,2026-09-08
SET_BCC54601D7A2,BAT_19ED03A65407,payment,PAY_7F067759D6BE,,2509.76,50.20,9.04,2450.52,2026-09-08
SET_BD3BF6BC63CC,BAT_19ED03A65407,payment,PAY_D5FF76164FA0,,1923.04,0.00,0.00,1923.04,2026-09-08
SET_BDA877AAC473,BAT_19ED03A65407,payment,PAY_114C82A26BC1,,9652.17,193.04,34.75,9424.38,2026-09-08
SET_BDFF3D56226F,BAT_1CE6311F0D6E,payment,PAY_B51FDD5A97BE,,7036.04,0.00,0.00,7036.04,2026-09-08
SET_BE32B976256C,BAT_19ED03A65407,payment,PAY_C04E936A8AE3,,19562.19,391.24,70.42,19100.53,2026-09-08
SET_BE40250FF282,BAT_38FD4BE54614,payment,PAY_40EA1D5B0062,,51887.97,0.00,0.00,51887.97,2026-09-08
SET_BE9779D60700,BAT_1CE6311F0D6E,payment,PAY_F33EFA30D19F,,7509.90,176.48,31.77,7301.65,2026-09-08
SET_BE9998C5D48F,BAT_38FD4BE54614,payment,PAY_F1E55BB64257,,16283.70,260.54,46.90,15976.26,2026-09-08
SET_BF0F7578D618,BAT_19ED03A65407,payment,PAY_66338AEA56B3,,1810.92,36.22,6.52,1768.18,2026-09-08
SET_BF333769CE0C,BAT_38FD4BE54614,payment,PAY_A785B129AC4F,,632.61,11.39,2.05,619.17,2026-09-08
SET_BF35B3F56D30,BAT_1CE6311F0D6E,payment,PAY_8E00E2DDF8A5,,6004.58,0.00,0.00,6004.58,2026-09-08
SET_BF8FDA334188,BAT_19ED03A65407,payment,PAY_69936AB75AC5,,8262.45,165.25,29.75,8067.45,2026-09-08
SET_BFC130A7752A,BAT_38FD4BE54614,payment,PAY_82F6962C78EE,,53533.36,963.60,173.45,52396.31,2026-09-08
SET_BFD797278084,BAT_1CE6311F0D6E,payment,PAY_1BF0BD325148,,5443.83,0.00,0.00,5443.83,2026-09-08
SET_C05E948BAEFA,BAT_38FD4BE54614,payment,PAY_9CD35F8026C9,,59870.88,1077.68,193.98,58599.22,2026-09-08
SET_C065C3B185B4,BAT_38FD4BE54614,payment,PAY_F83871767ECB,,28458.37,512.25,92.21,27853.91,2026-09-08
SET_C09A98D1DD2E,BAT_1CE6311F0D6E,payment,PAY_53F9504D4D34,,5398.07,0.00,0.00,5398.07,2026-09-08
SET_C0ABA99A5819,BAT_1CE6311F0D6E,payment,PAY_43FA56DC2E00,,3350.89,0.00,0.00,3350.89,2026-09-08
SET_C0E88D85F263,BAT_1CE6311F0D6E,payment,PAY_F34B3592081B,,2268.14,53.30,9.59,2205.25,2026-09-08
SET_C0F250892E15,BAT_38FD4BE54614,payment,PAY_70292A882756,,36981.50,721.14,129.81,36130.55,2026-09-08
SET_C1A8BD0F8CCF,BAT_1CE6311F0D6E,payment,PAY_C6181E8F9F05,,3231.96,0.00,0.00,3231.96,2026-09-08
SET_C20B3AFABE22,BAT_19ED03A65407,payment,PAY_8A38FD77D030,,20934.42,366.35,65.94,20502.13,2026-09-08
SET_C29BEDFAACF3,BAT_1CE6311F0D6E,payment,PAY_6576255ACAEC,,2798.54,55.97,10.07,2732.5,2026-09-08
SET_C346D7757EE3,BAT_38FD4BE54614,payment,PAY_117C5201F34B,,45864.77,825.57,148.60, 44890.60 ,2026-09-08
SET_C34C94A2CF2A,BAT_38FD4BE54614,payment,PAY_F07FEE2F2EC4,,56754.05,1021.57,183.88,55548.60,2026-09-08
SET_C3653FBEA95E,BAT_38FD4BE54614,payment,PAY_8AA9CFA5491A,,20601.03,0.00,0.00,20601.03,2026-09-08
SET_C365BD737CE3,BAT_19ED03A65407,payment,PAY_ACB2BE2C1D42,,11089.02,0.00,0.00,11089.02,2026-09-08
SET_C374687C3CD5,BAT_38FD4BE54614,payment,PAY_56D1BA0B03BF,,38578.08,694.41,124.99,37758.68,2026-09-08
SET_C378BD12F362,BAT_19ED03A65407,payment,PAY_CBD429376005,,8111.25,162.23,29.20,7919.82,2026-09-08
SET_C3FEB269269B,BAT_19ED03A65407,payment,PAY_167FA8D9A8B1,,19248.81,0.00,0.00,19248.81,2026-09-08
SET_C43736D97447,BAT_19ED03A65407,payment,PAY_6B527C2B6D3F,,19129.88,0.00,0.00,19129.88,2026-09-08
SET_C4972C4E9864,BAT_19ED03A65407,payment,PAY_EFAA0FAFACCE,,9141.51,191.97,34.55,8914.99,2026-09-08
SET_C4BEC1E14358,BAT_19ED03A65407,payment,PAY_E90A89594E71,,14539.50,305.33,54.96,14179.21,2026-09-08
SET_C4E1FDAABC74,BAT_38FD4BE54614,payment,PAY_320D0C9ACE0F,,8427.96,134.85,24.27,8268.84,2026-09-08
SET_C4F7F5A5A1F4,BAT_19ED03A65407,payment,PAY_3E0E3B68BA9A,,19946.85,349.07,62.83,19534.95,2026-09-08
SET_C534E0B67B69,BAT_19ED03A65407,payment,PAY_2742F468E4BE,,20561.61,411.23,74.02,20076.36,2026-09-08
SET_C54210B23791,BAT_19ED03A65407,payment,PAY_55B15D00D7A4,,12684.34,253.69,45.66,12384.99,2026-09-08
SET_C55F1DBE8B31,BAT_38FD4BE54614,payment,PAY_728FA0EC9712,,25160.93,452.90,81.52,24626.51,2026-09-08
SET_C55FCD60F29F,BAT_38FD4BE54614,payment,PAY_F85AEFE40816,,56754.11,1021.57,183.88,55548.66,2026-09-08
SET_C5C54380D0A8,BAT_1CE6311F0D6E,payment,PAY_C632BC3F0134,,402.67,0.00,0.00,402.67,2026-09-08
SET_C6417D39F579,BAT_38FD4BE54614,payment,PAY_ED583820E85A,,3566.24,64.19,11.55,3490.50,2026-09-08
SET_C679E1477FE0,BAT_19ED03A65407,payment,PAY_5BCD2C7E63AF,,935.03,18.70,3.37,912.96,2026-09-08
SET_C6B85D24EAD8,BAT_1CE6311F0D6E,payment,PAY_EAA42D886275,,3298.99,77.53,13.96,3207.50,2026-09-08
SET_C6DAF00C1578,BAT_19ED03A65407,refund,PAY_37499DB7AEE2,RFD_6FB77AE3A770,0.00,0.00,0.00,-15325.24,2026-09-08
SET_C71580ECB4FE,BAT_38FD4BE54614,payment,PAY_806FA1B5399A,,48306.95,0.00,0.00,48306.95,2026-09-08
SET_C72599DF84E7,BAT_19ED03A65407,payment,PAY_F518677629AA,,8572.09,171.44,30.86,8369.79,2026-09-08
SET_C7795A8237CE,BAT_1CE6311F0D6E,payment,PAY_A375DD51A3BE,,4419.83,0.00,0.00,4419.83,2026-09-08
SET_C7853513CBE2,BAT_19ED03A65407,payment,PAY_8B431DA74748,,8320.31,166.41,29.95,8123.95,2026-09-08
SET_C7B9AABED53D,BAT_38FD4BE54614,payment,PAY_1124216A289A,,1524.06,27.43,4.94,1491.69,2026-09-08
SET_C7E795443DD7,BAT_38FD4BE54614,payment,PAY_373E60A92104,,12520.45,0.00,0.00,12520.45,2026-09-08
SET_C8D994B0A6D1,BAT_19ED03A65407,payment,PAY_27522A9E6DC6,,17053.26,0.00,0.00, 17053.26 ,2026-09-08
SET_C9084B5566D4,BAT_1CE6311F0D6E,payment,PAY_D2C47FCD9E85,,1341.59,31.53,5.68,1304.38,2026-09-08
SET_C9345E958633,BAT_38FD4BE54614,payment,PAY_D1C714EA5C9D,,57475.79,1034.56,186.22,56255.01,2026-09-08
SET_C934A21E94A4,BAT_19ED03A65407,payment,PAY_52365AB29BC7,,22384.05,0.00,0.00,22384.05,2026-09-08
SET_C93CA39D0E83,BAT_1CE6311F0D6E,payment,PAY_71DEC5C4F46A,,4091.50,96.15,17.31,3978.04,2026-09-08
SET_C94A5A543D45,BAT_1CE6311F0D6E,payment,PAY_36D70884EC51,,7739.87,181.89,32.74,7525.24,2026-09-08
SET_C98DF7BB022C,BAT_1CE6311F0D6E,payment,PAY_EBAEDDCC4567,,2361.18,44.86,8.07,2308.25,2026-09-08
SET_C9BC8C8DAB8A,BAT_1CE6311F0D6E,payment,PAY_7E5253DCA8EF,,6385.13,0.00,0.00,6385.13,2026-09-08
SET_C9CD757F32BB,BAT_38FD4BE54614,payment,PAY_380D7840F19F,,20150.98,392.94,70.73,19687.31,2026-09-08
SET_CA553DE3F81F,BAT_38FD4BE54614,payment,PAY_C81CBC3B212D,,53543.97,856.70,154.21,52533.06,2026-09-08
SET_CA68E1842DD6,BAT_38FD4BE54614,refund,PAY_CC9E3514F90E,RFD_51450C826A7D,0.00,0.00,0.00,-1832.63,2026-09-08
SET_CA730761AB65,BAT_19ED03A65407,payment,PAY_177FAB62766B,,11982.33,239.65,43.14,11699.54,2026-09-08
SET_CA79B62661D3,BAT_1CE6311F0D6E,payment,PAY_57AB102AA29E,,332.56,7.82,1.41,323.33,2026-09-08
SET_CA7E90452675,BAT_19ED03A65407,payment,PAY_DCFB9220E4A1,,21949.62,460.94,82.97,21405.71,2026-09-08
SET_CAC35ECCDDE7,BAT_19ED03A65407,payment,PAY_E53C60839ED9,,20900.84,418.02,75.24,20407.58,2026-09-08
SET_CB3D03B94590,BAT_38FD4BE54614,payment,PAY_2BE00F4AFC42,,24908.87,448.36,80.70,24379.81,2026-09-08
SET_CB42EBFE38AA,BAT_1CE6311F0D6E,payment,PAY_8F8167F50D68,,5734.96,0.00,0.00,5734.96,2026-09-08
SET_CBC3AD07DEAE,BAT_38FD4BE54614,payment,PAY_918126EE2746,,28024.31,504.44,90.80,27429.07,2026-09-08
SET_CC76892E081C,BAT_19ED03A65407,payment,PAY_B4237EC12E34,,4728.68,0.00,0.00,4728.68,2026-09-08
SET_CCD729385C62,BAT_1CE6311F0D6E,payment,PAY_77BC1CBCBA25,,1515.50,0.00,0.00,1515.50,2026-09-08
SET_CD1FD29680FB,BAT_38FD4BE54614,payment,PAY_9FA1BF121943,,863.13,16.83,3.03,843.27,2026-09-08
SET_CD51E1E89B16,BAT_38FD4BE54614,payment,PAY_F813AC309987,,57495.99,0.00,0.00,57495.99,2026-09-08
SET_CD65C592D5B0,BAT_38FD4BE54614,payment,PAY_AC73DD5C311C,,55300.83,995.41,179.17,54126.25,2026-09-08
SET_CD7E9E57EF36,BAT_1CE6311F0D6E,payment,PAY_0AE87ED3EEFE,,6626.00,0.00,0.00,6626.00,2026-09-08
SET_CDF2ABCB07A8,BAT_38FD4BE54614,payment,PAY_CE370BEC1FF1,,27313.59,0.00,0.00,27313.59,2026-09-08
SET_CE204563181C,BAT_38FD4BE54614,payment,PAY_B620EBF70FFF,,27216.45,489.90,88.18,26638.37,2026-09-08
SET_CEA1EA8874E4,BAT_1CE6311F0D6E,payment,PAY_C5D55D3ED8C0,,4167.04,0.00,0.00,4167.04,2026-09-08
SET_CF043D4FA9B7,BAT_19ED03A65407,payment,PAY_978DEC0590E3,,17477.59,349.55,62.92,17065.12,2026-09-08
SET_CF638183F324,BAT_1CE6311F0D6E,payment,PAY_63D8F8BCF1B0,,4895.23,0.00,0.00,4895.23,2026-09-08
SET_CF7DF5D18F26,BAT_19ED03A65407,payment,PAY_DDE88ABCB493,,8023.87,160.48,28.89, 7834.50 ,2026-09-08
SET_CF80ABA4C9DE,BAT_1CE6311F0D6E,payment,PAY_4503A3371DFB,,7130.47,0.00,0.00,7130.47,2026-09-08
SET_CFA6F37E264F,BAT_1CE6311F0D6E,payment,PAY_FC2EFE09648C,,2615.40,61.46,11.06,2542.88,2026-09-08
SET_CFB98B1017FF,BAT_19ED03A65407,payment,PAY_1CA88456E8CB,,16903.00,338.06,60.85,16504.09,2026-09-08
SET_D0AD63B47C2B,BAT_38FD4BE54614,payment,PAY_B2DE65DABE42,,30111.34,587.17,105.69,29418.48,2026-09-08
SET_D0D10BD98F3F,BAT_1CE6311F0D6E,payment,PAY_399470267220,,2366.97,0.00,0.00,2366.97,2026-09-08
SET_D13FC19C614D,BAT_38FD4BE54614,payment,PAY_D4D43EDE42B7,,31406.13,565.31,101.76,30739.06,2026-09-08
SET_D17207F14C9D,BAT_1CE6311F0D6E,payment,PAY_B8B435D9222C,,4918.85,0.00,0.00,4918.85,2026-09-08
SET_D1B831D3EE25,BAT_1CE6311F0D6E,payment,PAY_89C86F8AF7BB,,4099.14,0.00,0.00,4099.14,2026-09-08
SET_D1EC21396A33,BAT_38FD4BE54614,payment,PAY_B0DED10A37F1,,55710.40,1002.79,180.50,54527.11,2026-09-08
SET_D26D43CEB1BE,BAT_38FD4BE54614,payment,PAY_0246924154CD,,12431.92,223.77,40.28,12167.87,2026-09-08
SET_D2A608BFA215,BAT_19ED03A65407,payment,PAY_FD2A2EF64599,,3835.50,80.55,14.50,3740.45,2026-09-08
SET_D2E5592646FE,BAT_1CE6311F0D6E,payment,PAY_7EE8873466B7,,1971.32,0.00,0.00,1971.32,2026-09-08
SET_D3169EE51958,BAT_1CE6311F0D6E,payment,PAY_45B6F8EE8F73,,1641.58,0.00,0.00,1641.58,2026-09-08
SET_D45671C637B5,BAT_38FD4BE54614,payment,PAY_4DCB02E75CB8,,55725.47,0.00,0.00,55725.47,2026-09-08
SET_D47964E05F21,BAT_1CE6311F0D6E,payment,PAY_0AE34DD14BFB,,5324.15,0.00,0.00,"5,324.15",2026-09-08
SET_D48787D10394,BAT_1CE6311F0D6E,payment,PAY_526148993CE5,,4309.77,0.00,0.00,4309.77,2026-09-08
SET_D4A7F796A551,BAT_38FD4BE54614,payment,PAY_5AA132970C32,,7724.23,139.04,25.03,7560.16,2026-09-08
SET_D4D40F25B73A,BAT_38FD4BE54614,payment,PAY_115DEEB66EC3,,48506.54,0.00,0.00,48506.54,2026-09-08
SET_D4ECC995F179,BAT_38FD4BE54614,payment,PAY_C531E06B9FD8,,10959.04,197.26,35.51,"10,726.27",2026-09-08
SET_D4F326052FC4,BAT_1CE6311F0D6E,payment,PAY_11FC9CA344DD,,7552.86,177.49,31.95,7343.42,2026-09-08
SET_D4F7336A904A,BAT_1CE6311F0D6E,payment,PAY_EEC9F1C292C1,,1952.49,45.88,8.26,1898.35,2026-09-08
SET_D549FE1857DF,BAT_1CE6311F0D6E,payment,PAY_EFACAFC4EEDD,,7425.52,0.00,0.00,7425.52,2026-09-08
SET_D578E1B679C1,BAT_19ED03A65407,payment,PAY_694AF7312E53,,10610.77,0.00,0.00,10610.77,2026-09-08
SET_D64067C53EAB,BAT_1CE6311F0D6E,payment,PAY_77183AEE090F,,4350.87,0.00,0.00,4350.87,2026-09-08
SET_D64CF5DF5436,BAT_38FD4BE54614,payment,PAY_DB1063D6F515,,30803.88,492.86,88.71,30222.31,2026-09-08
SET_D6B11AADF6EF,BAT_1CE6311F0D6E,payment,PAY_A118C4F3D89E,,3974.97,0.00,0.00,3974.97,2026-09-08
SET_D6C049E22265,BAT_19ED03A65407,payment,PAY_9952FCBABBC7,,12598.15,0.00,0.00,12598.15,2026-09-08
SET_D6F3EDA3A9B8,BAT_19ED03A65407,payment,PAY_13FCCA0A10D4,,1225.68,24.51,4.41,1196.76,2026-09-08
SET_D74310729B65,BAT_38FD4BE54614,payment,PAY_649EFE12D66E,,55034.15,990.61,178.31,53865.23,2026-09-08
SET_D7905E279A59,BAT_1CE6311F0D6E,refund,PAY_667FA9F8DADD,RFD_C2A9BAC8BBAC,0.00,0.00,0.00,-660.73,2026-09-08
SET_D799A06B8D70,BAT_1CE6311F0D6E,payment,PAY_A800DA5C06E8,,562.08,0.00,0.00,562.08,2026-09-08
SET_D7C17939FE61,BAT_19ED03A65407,payment,PAY_1F19D315EB8F,,23001.99,460.04,82.81,22459.14,2026-09-08
SET_D7CDF1CDDAD6,BAT_38FD4BE54614,payment,PAY_9D04FE152AA7,,30480.34,548.65,98.76,29832.93,2026-09-08
SET_D7FCE49D18E7,BAT_1CE6311F0D6E,payment,PAY_D2A64898D931,,7009.87,0.00,0.00,7009.87,2026-09-08
SET_D80F527FE3A7,BAT_38FD4BE54614,payment,PAY_6A835A284C7F,,41842.23,0.00,0.00,41842.23,2026-09-08
SET_D8A4D41008A4,BAT_19ED03A65407,payment,PAY_EB477AD8BC59,,6038.73,105.68,19.02,5914.03,2026-09-08
SET_D8B249FB1F70,BAT_1CE6311F0D6E,payment,PAY_5CA24A0E04B9,,710.73,16.70,3.01,691.02,2026-09-08
SET_D8DF248C50F1,BAT_19ED03A65407,refund,PAY_D2FA53C86D0D,RFD_EB19898E298F,0.00,0.00,0.00,-10981.12,2026-09-08
SET_D9598B22FFBA,BAT_19ED03A65407,payment,PAY_809F78296689,,6893.34,0.00,0.00,6893.34,2026-09-08
SET_D98AA065A661,BAT_19ED03A65407,payment,PAY_38ABA2ED6378,,21145.54,370.05,66.61,20708.88,2026-09-08
SET_D99DBA4BD83D,BAT_1CE6311F0D6E,payment,PAY_DB8C16068C69,,3233.01,0.00,0.00,3233.01,2026-09-08
SET_DA3D5D08D466,BAT_1CE6311F0D6E,payment,PAY_5A737EB9B519,,5506.00,104.61,18.83,5382.56,2026-09-08
SET_DA5FFF790AEA,BAT_1CE6311F0D6E,payment,PAY_A4326038522F,,2334.05,0.00,0.00,2334.05,2026-09-08
SET_DAD59F09056F,BAT_19ED03A65407,payment,PAY_A23F57E393CE,,6059.58,0.00,0.00,6059.58,2026-09-08
SET_DB0BFA5E8829,BAT_19ED03A65407,payment,PAY_BF1763FC155E,,11080.66,221.61,39.89,10819.16,2026-09-08
SET_DB12FBFEF814,BAT_38FD4BE54614,refund,PAY_39880F72A982,RFD_54311FC3E376,0.00,0.00,0.00,-10086.09,2026-09-08
SET_DB280CB9119B,BAT_1CE6311F0D6E,payment,PAY_8841FA35DFD2,,5454.38,128.18,23.07,5303.13,2026-09-08
SET_DB362F7C06BC,BAT_1CE6311F0D6E,payment,PAY_A58B7F9AEE03,,3441.05,0.00,0.00,3441.05,2026-09-08
SET_DB90FB248F5A,BAT_19ED03A65407,payment,PAY_0BFF561603AF,,552.28,9.66,1.74,540.88,2026-09-08
SET_DC0E164544C6,BAT_1CE6311F0D6E,payment,PAY_5BE009C2B85B,,4691.14,0.00,0.00,4691.14,2026-09-08
SET_DC1069CF92E1,BAT_38FD4BE54614,payment,PAY_6CDDDB0135B3,,30371.60,546.69,98.40,29726.51,2026-09-08
SET_DC1148444AF2,BAT_19ED03A65407,payment,PAY_BCE4C6EC40E7,,18532.93,370.66,66.72,18095.55,2026-09-08
SET_DC351D76BD65,BAT_19ED03A65407,payment,PAY_C1A529D61A25,,438.97,7.68,1.38,429.91,2026-09-08
SET_DC589E207F20,BAT_38FD4BE54614,payment,PAY_1F3C4D4FEDE5,,56083.94,897.34,161.52,55025.08,2026-09-08
SET_DC6C1CA39746,BAT_38FD4BE54614,refund,PAY_FD03AD08397A,RFD_23046F04481A,0.00,0.00,0.00,-35155.57,2026-09-08
SET_DC6E1B61B9A8,BAT_1CE6311F0D6E,payment,PAY_B32DE1028DF6,,1682.94,0.00,0.00,1682.94,2026-09-08
SET_DCCA35298E2D,BAT_1CE6311F0D6E,payment,PAY_D5E09D1C007B,,1818.46,34.55,6.22,1777.69,2026-09-08
SET_DCFB88975C19,BAT_19ED03A65407,payment,PAY_7E6B18FAE789,,8978.42,0.00,0.00,8978.42,2026-09-08
SET_DD34FF584938,BAT_1CE6311F0D6E,payment,PAY_BAD08207139C,,5572.94,130.96,23.57,5418.41,2026-09-08
SET_DD3A27A3B8FE,BAT_19ED03A65407,payment,PAY_8015005F47AC,,3259.19,0.00,0.00,3259.19,2026-09-08
SET_DD7D3B99A132,BAT_19ED03A65407,payment,PAY_4968A4315779,,10775.73,188.58,33.94,10553.21,2026-09-08
SET_DE1493459D43,BAT_19ED03A65407,payment,PAY_8A099CE3717C,,24580.72,0.00,0.00,24580.72,2026-09-08
SET_DE3A7349696B,BAT_19ED03A65407,payment,PAY_C6BC1E2690D5,,13989.24,0.00,0.00,13989.24,2026-09-08
SET_DE703F50EF9A,BAT_38FD4BE54614,payment,PAY_BA6E6371F141,,41860.05,816.27,146.93,40896.85,2026-09-08
SET_DE8CAF29ACA5,BAT_38FD4BE54614,payment,PAY_4BFB1F382532,,44092.79,705.48,126.99,43260.32,2026-09-08
SET_DEC9E7141957,BAT_1CE6311F0D6E,payment,PAY_514154B073FE,,5025.95,100.52,18.09,"4,907.34",2026-09-08
SET_DF1BDA7E3BF5,BAT_38FD4BE54614,payment,PAY_0CECC387474B,,26464.27,423.43,76.22,25964.62,2026-09-08
SET_DF217A0D02BE,BAT_1CE6311F0D6E,payment,PAY_4A86F7377CBD,,1251.74,0.00,0.00,1251.74,2026-09-08
SET_DF4C6F09825E,BAT_38FD4BE54614,payment,PAY_65EA047CF166,,38524.13,693.43,124.82,"37,705.88",2026-09-08
SET_DF6C5F6F1D55,BAT_1CE6311F0D6E,payment,PAY_6BFA59AFA41D,,2671.29,0.00,0.00,2671.29,2026-09-08
SET_DFF1C98A7A0A,BAT_38FD4BE54614,payment,PAY_19EF61BC1B12,,33849.58,609.29,109.67,33130.62,2026-09-08
SET_E05326968DCA,BAT_1CE6311F0D6E,payment,PAY_12A5C5FA3D15,,4804.01,0.00,0.00, 4804.01 ,2026-09-08
SET_E0CE00D9A1EB,BAT_19ED03A65407,payment,PAY_C2A6B3917B4D,,7949.74,139.12,25.04,7785.58,2026-09-08
SET_E1DAF30BC7B7,BAT_19ED03A65407,payment,PAY_773F92F7F4CB,,21418.36,449.79,80.96,20887.61,2026-09-08
SET_E1DD244BBF82,BAT_1CE6311F0D6E,payment,PAY_F44B1D9410B2,,5735.01,0.00,0.00,5735.01,2026-09-08
SET_E1F9ED7C68A5,BAT_19ED03A65407,payment,PAY_11D5447757D2,,18743.90,328.02,59.04,18356.84,2026-09-08
SET_E213B350B980,BAT_1CE6311F0D6E,payment,PAY_54320CCD1D6E,,7749.40,0.00,0.00,7749.40,2026-09-08
SET_E213DD609BFB,BAT_19ED03A65407,payment,PAY_E972422272D3,,14512.69,290.25,52.25,14170.19,2026-09-08
SET_E26281FA954D,BAT_38FD4BE54614,payment,PAY_7412C2F96FC2,,21037.41,378.67,68.16,20590.58,2026-09-08
SET_E274A8B1C83E,BAT_38FD4BE54614,payment,PAY_56B83A36C837,,43166.24,0.00,0.00,43166.24,2026-09-08
SET_E291499757F5,BAT_38FD4BE54614,payment,PAY_A57DD5813ECE,,29047.53,0.00,0.00,29047.53,2026-09-08
SET_E2F3A12E2859,BAT_38FD4BE54614,payment,PAY_751B67DC68F8,,35467.26,567.48,102.15,34797.63,2026-09-08
SET_E35D8317697F,BAT_1CE6311F0D6E,payment,PAY_C8FD06F88EEC,,6046.77,142.10,25.58,5879.09,2026-09-08
SET_E45723CA9C5B,BAT_19ED03A65407,payment,PAY_1F10FB6CD4D1,,23462.27,469.25,84.47,22908.55,2026-09-08
SET_E552A265CAC6,BAT_19ED03A65407,payment,PAY_3D4AD1C09AAA,,3388.64,67.77,12.20,3308.67,2026-09-08
SET_E5B7EAACAC5E,BAT_19ED03A65407,payment,PAY_569699FC8FEC,,8772.92,175.46,31.58,"8,565.88",2026-09-08
SET_E5C0E9B7108E,BAT_1CE6311F0D6E,payment,PAY_7BEA86F8A456,,1606.02,37.74,6.79,1561.49,2026-09-08
SET_E6B1E4FE6D2E,BAT_1CE6311F0D6E,payment,PAY_F0408366FA40,,4224.91,84.50,15.21,4125.20,2026-09-08
SET_E6C6D9549926,BAT_19ED03A65407,payment,PAY_7963DE0181E3,,4407.11,88.14,15.87,4303.10,2026-09-08
SET_E820959FDEA3,BAT_1CE6311F0D6E,payment,PAY_0AE4CE9E9AE9,,3120.75,0.00,0.00,3120.75,2026-09-08
SET_E85F4FEA9D0E,BAT_38FD4BE54614,payment,PAY_6041FCE32FA5,,12526.54,225.48,40.59,12260.47,2026-09-08
SET_E8722165FECD,BAT_38FD4BE54614,payment,PAY_D3115ED23CF9,,51204.12,819.27,147.47,50237.38,2026-09-08
SET_E8784A724A4E,BAT_38FD4BE54614,payment,PAY_9C7CC8E61C66,,46430.75,835.75,150.44,45444.56,2026-09-08
SET_E8ADB69CF005,BAT_38FD4BE54614,payment,PAY_C9B6EC0257A0,,3096.06,0.00,0.00,3096.06,2026-09-08
SET_E8EB2FC976EE,BAT_1CE6311F0D6E,payment,PAY_62E03FB7038F,,1914.94,0.00,0.00,1914.94,2026-09-08
SET_E90C0FE5734B,BAT_19ED03A65407,payment,PAY_3A2C229CEA59,,12461.22,218.07,39.25,12203.9,2026-09-08
SET_E92E2BE364F2,BAT_19ED03A65407,payment,PAY_D533DBF6FFD0,,24602.15,492.04,88.57, 24021.54 ,2026-09-08
SET_E941DDDEB447,BAT_19ED03A65407,payment,PAY_2C7015FD58AD,,15603.85,0.00,0.00,15603.85,2026-09-08
SET_E95B30FF8371,BAT_19ED03A65407,payment,PAY_605EA6C738E4,,21038.11,420.76,75.74, 20541.61 ,2026-09-08
SET_E963D4C82843,BAT_1CE6311F0D6E,payment,PAY_3FF6CE3CE8B1,,4895.31,97.91,17.62,4779.78,2026-09-08
SET_E977486A219F,BAT_38FD4BE54614,payment,PAY_67A5B9795243,,28804.01,518.47,93.32,28192.22,2026-09-08
SET_E987914D3C6F,BAT_1CE6311F0D6E,payment,PAY_C602DC7FAA8F,,328.04,6.56,1.18,320.30,2026-09-08
SET_E9CEEEB230AB,BAT_19ED03A65407,payment,PAY_96D5F0D4F48F,,1261.99,25.24,4.54,1232.21,2026-09-08
SET_E9E1ADC27309,BAT_19ED03A65407,payment,PAY_D5FDEA0C6BE4,,14091.71,246.60,44.39,13800.72,2026-09-08
SET_E9E8919F76C9,BAT_1CE6311F0D6E,payment,PAY_989B37D91C6E,,7310.13,146.20,26.32,7137.61,2026-09-08
SET_EA47B7ACC005,BAT_1CE6311F0D6E,refund,PAY_5C4F56659981,RFD_400E13C25BDD,0.00,0.00,0.00,-1445.62,2026-09-08
SET_EA90B3E19CDD,BAT_19ED03A65407,payment,PAY_09B27CA55099,,9307.59,0.00,0.00,9307.59,2026-09-08
SET_EA9C2F43519B,BAT_19ED03A65407,payment,PAY_954DF3AD77D9,,22883.12,400.45,72.08,22410.59,2026-09-08
SET_EB0273860C7C,BAT_19ED03A65407,payment,PAY_FC8387B91B8C,,21228.66,371.50,66.87,20790.29,2026-09-08
SET_EB066BA97686,BAT_38FD4BE54614,payment,PAY_E5DA34310388,,41308.16,743.55,133.84,40430.77,2026-09-08
SET_EB8291BBC216,BAT_19ED03A65407,payment,PAY_74272791502B,,12667.69,253.35,45.60,12368.74,2026-09-08
SET_EBA92873E3B7,BAT_19ED03A65407,payment,PAY_4110DD231C96,,20432.31,408.65,73.56,19950.10,2026-09-08
SET_EBCE197F9D68,BAT_1CE6311F0D6E,payment,PAY_D55BA40D0DE7,,4603.20,108.18,19.47,4475.55,2026-09-08
SET_EC051631F788,BAT_1CE6311F0D6E,payment,PAY_2246F2E82D2D,,5110.41,0.00,0.00,5110.41,2026-09-08
SET_EC165CCDCE02,BAT_19ED03A65407,payment,PAY_4D61D17AE003,,5549.75,0.00,0.00,5549.75,2026-09-08
SET_EC4B0B232B04,BAT_19ED03A65407,payment,PAY_AE6AA453AA6A,,4310.89,0.00,0.00,4310.89,2026-09-08
SET_EC6177AE87CC,BAT_19ED03A65407,payment,PAY_5466494994A2,,19859.00,0.00,0.00,19859.00,2026-09-08
SET_ECB5B5F89FA9,BAT_38FD4BE54614,payment,PAY_20AA7501DB96,,49352.65,888.35,159.90,48304.40,2026-09-08
SET_ED0DFE477A4B,BAT_1CE6311F0D6E,payment,PAY_272B72BBCC0A,,1703.57,0.00,0.00,1703.57,2026-09-08
SET_ED21F9D5993D,BAT_38FD4BE54614,payment,PAY_E32598305CD7,,25680.03,500.76,90.14,25089.13,2026-09-08
SET_ED6B04BEDA57,BAT_1CE6311F0D6E,payment,PAY_6BC150C7FFDA,,7242.82,170.21,30.64,7041.97,2026-09-08
SET_ED7295DAAEEA,BAT_38FD4BE54614,payment,PAY_98EC8B67529D,,21129.95,338.08,60.85,20731.02,2026-09-08
SET_EDA5DCE149D8,BAT_38FD4BE54614,payment,PAY_E2ACBA06E3AC,,27697.35,498.55,89.74,27109.06,2026-09-08
SET_EDED310D0A75,BAT_1CE6311F0D6E,payment,PAY_B40D0C9EB382,,4241.94,0.00,0.00,4241.94,2026-09-08
SET_EE3B62F2994C,BAT_1CE6311F0D6E,payment,PAY_F052FFD7A6DA,,530.15,12.46,2.24,515.45,2026-09-08
SET_EE60C85246A3,BAT_1CE6311F0D6E,payment,PAY_28EABC14BDA3,,4951.03,0.00,0.00,4951.03,2026-09-08
SET_EE8AF0413E26,BAT_1CE6311F0D6E,payment,PAY_EEF5ED797DD5,,1698.18,32.27,5.81,1660.10,2026-09-08
SET_EF3FE23DE6C8,BAT_19ED03A65407,payment,PAY_5B6CF1D1DAED,,17542.24,0.00,0.00,17542.24,2026-09-08
SET_EF40D598342B,BAT_38FD4BE54614,payment,PAY_A24F6FA76946,,13360.11,240.48,43.29,13076.34,2026-09-08
SET_EF754535607E,BAT_38FD4BE54614,payment,PAY_F6A7E107AD6A,,16912.73,270.60,48.71,16593.42,2026-09-08
SET_EF824D6DF05A,BAT_1CE6311F0D6E,payment,PAY_8467F70D38D0,,6281.71,0.00,0.00,6281.71,2026-09-08
SET_EF8ED6D11623,BAT_38FD4BE54614,refund,PAY_192AC260B669,RFD_73BDB344653C,0.00,0.00,0.00,"-13,883.03",2026-09-08
SET_EF9284660E50,BAT_38FD4BE54614,payment,PAY_A5FBCA7C34BC,,55282.54,1078.01,194.04,54010.49,2026-09-08
SET_EFBB917E03E0,BAT_19ED03A65407,payment,PAY_1E38EA8C10DF,,19036.85,333.14,59.97,18643.74,2026-09-08
SET_EFC8801A3268,BAT_38FD4BE54614,payment,PAY_8D42CC124A29,,12383.91,222.91,40.12,12120.88,2026-09-08
SET_F111322FE7B4,BAT_19ED03A65407,payment,PAY_EEE6C47D8F1E,,12261.74,0.00,0.00,12261.74,2026-09-08
SET_F1766DFF8C6C,BAT_38FD4BE54614,refund,PAY_3038D9EF686F,RFD_57232B490F28,0.00,0.00,0.00,-19860.91,2026-09-08
SET_F184E13BC8E8,BAT_19ED03A65407,payment,PAY_8EDAADEE53DB,,13239.89,0.00,0.00,13239.89,2026-09-08
SET_F1B93390D667,BAT_19ED03A65407,payment,PAY_B6CF0C45DC7D,,7665.26,153.31,27.60,7484.35,2026-09-08
SET_F2E3B90CA692,BAT_38FD4BE54614,payment,PAY_71D71D64CE35,,3601.28,64.82,11.67,3524.79,2026-09-08
SET_F2F8DC5AFDC3,BAT_19ED03A65407,payment,PAY_4DB94643606D,,4198.91,0.00,0.00,4198.91,2026-09-08
SET_F31AE1DF412B,BAT_1CE6311F0D6E,payment,PAY_541EB173CE02,,297.92,0.00,0.00,297.92,2026-09-08
SET_F351A2340D65,BAT_38FD4BE54614,payment,PAY_8350FDB27BBB,,48129.61,866.33,155.94,47107.34,2026-09-08
SET_F39DB08F10D1,BAT_38FD4BE54614,refund,PAY_A54DD5F174AC,RFD_A0EE26404A0B,0.00,0.00,0.00,-39128.81,2026-09-08
SET_F3A6A27314A8,BAT_1CE6311F0D6E,payment,PAY_A38559B220D4,,524.70,0.00,0.00,524.70,2026-09-08
SET_F3CEF9808263,BAT_1CE6311F0D6E,payment,PAY_C8547D61F6FC,,5538.96,0.00,0.00,5538.96,2026-09-08
SET_F3DE33A23D68,BAT_38FD4BE54614,payment,PAY_8BD4D97F2DE2,,9052.00,144.83,26.07,8881.10,2026-09-08
SET_F41FBCDB8FE1,BAT_1CE6311F0D6E,refund,PAY_CAE00FAEB2B8,RFD_BE63F4601F1B,0.00,0.00,0.00,-7311.20,2026-09-08
SET_F423AF0DD96E,BAT_19ED03A65407,payment,PAY_9945461EF225,,23569.66,471.39,84.85,23013.42,2026-09-08
SET_F424943D74CE,BAT_1CE6311F0D6E,payment,PAY_DA085AF8F297,,3423.58,80.45,14.48,3328.65,2026-09-08
SET_F4A6D54D066D,BAT_38FD4BE54614,payment,PAY_84CC3AB964C5,,31481.81,0.00,0.00,31481.81,2026-09-08
SET_F4B0BB096271,BAT_19ED03A65407,payment,PAY_C9B97BA73293,,5926.59,0.00,0.00,5926.59,2026-09-08
SET_F4F79FDCF87A,BAT_38FD4BE54614,payment,PAY_489430CEE4FB,,5189.95,0.00,0.00,5189.95,2026-09-08
SET_F5C2B8BDF1A1,BAT_19ED03A65407,payment,PAY_55E0056CE793,,5808.12,116.16,20.91,5671.05,2026-09-08
SET_F5CD9E2FE8D3,BAT_38FD4BE54614,payment,PAY_2CC3381BE68E,,6054.35,118.06,21.25,5915.04,2026-09-08
SET_F6452C27AF0D,BAT_1CE6311F0D6E,payment,PAY_C4714E665937,,3731.76,87.70,15.79,3628.27,2026-09-08
SET_F667B62CDE13,BAT_38FD4BE54614,payment,PAY_B5E2157EDF76,,15504.43,0.00,0.00,15504.43,2026-09-08
SET_F6FB07FBD5D1,BAT_19ED03A65407,payment,PAY_0122A880EF45,,11828.51,207.00,37.26,11584.25,2026-09-08
SET_F7A1F42CAAE8,BAT_1CE6311F0D6E,payment,PAY_1390AFCA469C,,2446.06,0.00,0.00,2446.06,2026-09-08
SET_F7C79283073F,BAT_1CE6311F0D6E,payment,PAY_E5CE449A4D14,,4759.55,95.19,17.13,4647.23,2026-09-08
SET_F7CD99921C07,BAT_1CE6311F0D6E,payment,PAY_0D9F3C46471E,,4849.69,113.97,20.51,4715.21,2026-09-08
SET_F7DBE271A600,BAT_1CE6311F0D6E,payment,PAY_A45563300652,,3434.70,0.00,0.00,3434.70,2026-09-08
SET_F7F70CF72309,BAT_1CE6311F0D6E,payment,PAY_CCE5B4346880,,979.61,23.02,4.14,952.45,2026-09-08
SET_F80868C6DD27,BAT_38FD4BE54614,payment,PAY_A804684107E4,,55745.89,0.00,0.00,55745.89,2026-09-08
SET_F8202F2854C5,BAT_38FD4BE54614,payment,PAY_35F9999856DF,,37937.24,739.78,133.16,37064.30,2026-09-08
SET_F826A9FCD69F,BAT_19ED03A65407,refund,PAY_203390DD1074,RFD_7E1B4FD37FA9,0.00,0.00,0.00,-2028.21,2026-09-08
SET_F839E5BF6CB6,BAT_19ED03A65407,payment,PAY_ED743DF30EBB,,6358.59,111.28,20.03,6227.28,2026-09-08
SET_F8FABEE959E1,BAT_38FD4BE54614,payment,PAY_DFAD3709FFB4,,21052.17,378.94,68.21,20605.02,2026-09-08
SET_F92A7F1DED82,BAT_38FD4BE54614,refund,PAY_F1D64ACD851A,RFD_0A9896D85077,0.00,0.00,0.00,-22774.30,2026-09-08
SET_F933CFF58E0A,BAT_1CE6311F0D6E,payment,PAY_334D7B9580A7,,4536.44,0.00,0.00,4536.44,2026-09-08
SET_F99160E6A4E5,BAT_1CE6311F0D6E,payment,PAY_F40C383072FC,,3591.68,0.00,0.00,3591.68,2026-09-08
SET_F9D82D862F3B,BAT_38FD4BE54614,payment,PAY_6BBFF5390EF9,,36046.93,702.92,126.53,35217.48,2026-09-08
SET_FA72E99062B1,BAT_19ED03A65407,payment,PAY_75FE490768A8,,22488.52,449.77,80.96,21957.79,2026-09-08
SET_FA8F8C67D454,BAT_38FD4BE54614,refund,PAY_468C1675B327,RFD_EB4ED3482652,0.00,0.00,0.00,-22450.07,2026-09-08
SET_FA9FC330B134,BAT_19ED03A65407,payment,PAY_BFC81F0A3CF7,,9997.12,0.00,0.00,9997.12,2026-09-08
SET_FAA115452D1C,BAT_38FD4BE54614,payment,PAY_0C3A098D4004,,14392.77,230.28,41.45,14121.04,2026-09-08
SET_FB38B37B14E0,BAT_19ED03A65407,payment,PAY_AC17AB810FC6,,21863.92,382.62,68.87,21412.43,2026-09-08
SET_FB57F15FA353,BAT_1CE6311F0D6E,payment,PAY_4B448B29B7C3,,4680.61,0.00,0.00,4680.61,2026-09-08
SET_FBCD57064999,BAT_19ED03A65407,payment,PAY_A88DBB1344FA,,24254.76,0.00,0.00,24254.76,2026-09-08
SET_FC1D5DCE1F29,BAT_1CE6311F0D6E,payment,PAY_2D17416ECE9B,,1311.42,0.00,0.00,1311.42,2026-09-08
SET_FC6006E9682A,BAT_38FD4BE54614,payment,PAY_49B1E73C543F,,31815.11,572.67,103.08,31139.36,2026-09-08
SET_FC97770DAA2E,BAT_19ED03A65407,payment,PAY_18D9F1550EB8,,15325.24,268.19,48.27,15008.78,2026-09-08
SET_FCDFCAF3F874,BAT_19ED03A65407,refund,PAY_3E3EC5E9B293,RFD_99C337D7D9E2,0.00,0.00,0.00,-422.93,2026-09-08
SET_FCEA26E39C14,BAT_1CE6311F0D6E,payment,PAY_C402707ADEB2,,1088.40,0.00,0.00,1088.40,2026-09-08
SET_FD209B56C089,BAT_38FD4BE54614,payment,PAY_1B2B81B74CA8,,26865.06,483.57,87.04,26294.45,2026-09-08
SET_FD3585CC729F,BAT_1CE6311F0D6E,payment,PAY_36AD651B5D3D,,5611.07,0.00,0.00,5611.07,2026-09-08
SET_FD78D421D2E4,BAT_38FD4BE54614,payment,PAY_E5E37EBF5AED,,29135.48,524.44,94.40,28516.64,2026-09-08
SET_FE9DE9B36776,BAT_38FD4BE54614,payment,PAY_45D710382773,,49133.06,884.40,159.19,48089.47,2026-09-08
SET_FEB332420671,BAT_1CE6311F0D6E,payment,PAY_11AE91C233B9,,5736.15,0.00,0.00,5736.15,2026-09-08
SET_FECCB0AD0581,BAT_1CE6311F0D6E,payment,PAY_5DBF053A3EBB,,389.50,9.15,1.65,378.70,2026-09-08
SET_FEE73A892D8B,BAT_38FD4BE54614,payment,PAY_A1F9C596804C,,44660.47,803.89,144.70,43711.88,2026-09-08
SET_FF6DA18D8CDF,BAT_1CE6311F0D6E,payment,PAY_E67ABFA08147,,7149.22,0.00,0.00,7149.22,2026-09-08
SET_FFB6A5C6F0D0,BAT_1CE6311F0D6E,payment,PAY_F845F55E3141,,1657.89,31.50,5.67,1620.72,2026-09-08
SET_FFF63DA80EE6,BAT_19ED03A65407,payment,PAY_2BA0D5831787,,19841.21,0.00,0.00,19841.21,2026-09-08
